order_id,order_date,customer_id,region,category,product,quantity,unit_price,unit_cost,discount_pct,revenue,cost,profit,profit_margin
ORD-00164,2025-01-02,CUST-0042,West,Fitness,Yoga Mat,5,34.99,14.0,0.15,148.71,70.0,78.71,0.5293
ORD-00271,2025-01-03,CUST-0134,,Fitness,Water Bottle,1,19.99,6.5,0.05,18.99,6.5,12.49,0.6577
ORD-00028,2025-01-03,CUST-0115,Midwest,Home,Scented Candle,2,19.99,7.5,0.05,37.98,15.0,22.98,0.6051
ORD-00555,2025-01-04,CUST-0118,Midwest,Home,Desk Lamp,3,34.99,16.0,0.2,83.98,48.0,35.98,0.4284
ORD-00150,2025-01-04,CUST-0108,Midwest,Electronics,Portable Charger,2,39.99,18.0,0.0,79.98,36.0,43.98,0.5499
ORD-00136,2025-01-04,CUST-0129,South,Beauty,Makeup Organizer,3,24.99,9.0,0.0,74.97,27.0,47.97,0.6399
ORD-00595,2025-01-05,CUST-0004,West,Home,Desk Lamp,2,34.99,16.0,0.0,69.98,32.0,37.98,0.5427
ORD-00647,2025-01-05,CUST-0080,Midwest,Electronics,Portable Charger,3,39.99,18.0,0.0,119.97,54.0,65.97,0.5499
ORD-00395,2025-01-05,CUST-0129,Midwest,Fitness,Yoga Mat,3,34.99,14.0,0.05,99.72,42.0,57.72,0.5788
ORD-00635,2025-01-05,CUST-0117,South,Home,Throw Blanket,1,44.99,20.0,0.0,44.99,20.0,24.99,0.5555
ORD-00519,2025-01-05,CUST-0109,West,Beauty,Hair Tool,1,69.99,31.0,0.0,69.99,31.0,38.99,0.5571
ORD-00125,2025-01-08,CUST-0147,Midwest,Fitness,Water Bottle,1,19.99,6.5,0.0,19.99,6.5,13.49,0.6748
ORD-00176,2025-01-10,CUST-0067,Northeast,Electronics,Portable Charger,1,39.99,18.0,0.0,39.99,18.0,21.99,0.5499
ORD-00227,2025-01-10,CUST-0029,Northeast,Fitness,Resistance Bands,1,24.99,8.0,0.05,23.74,8.0,15.74,0.663
ORD-00281,2025-01-10,CUST-0025,South,Fitness,Resistance Bands,1,24.99,8.0,0.05,23.74,8.0,15.74,0.663
ORD-00650,2025-01-10,CUST-0044,Midwest,Electronics,Wireless Headphones,5,79.99,42.0,0.0,399.95,210.0,189.95,0.4749
ORD-00292,2025-01-11,CUST-0004,West,Beauty,Body Care Set,3,29.99,11.0,0.0,89.97,33.0,56.97,0.6332
ORD-00085,2025-01-12,CUST-0023,South,Home,Storage Basket,5,24.99,10.0,0.0,124.95,50.0,74.95,0.5998
ORD-00052,2025-01-13,CUST-0007,West,Beauty,Skincare Set,3,54.99,22.0,0.05,156.72,66.0,90.72,0.5789
ORD-00535,2025-01-13,CUST-0092,Northeast,Fitness,Resistance Bands,1,24.99,8.0,0.0,24.99,8.0,16.99,0.6799
ORD-00429,2025-01-14,CUST-0059,South,Electronics,Wireless Headphones,1,79.99,42.0,0.0,79.99,42.0,37.99,0.4749
ORD-00590,2025-01-14,CUST-0122,West,Electronics,Smart Watch,2,129.99,78.0,0.0,259.98,156.0,103.98,0.4
ORD-00620,2025-01-17,CUST-0164,Northeast,Home,Throw Blanket,1,44.99,20.0,0.0,44.99,20.0,24.99,0.5555
ORD-00018,2025-01-19,CUST-0194,Northeast,Home,Desk Lamp,3,34.99,16.0,0.05,99.72,48.0,51.72,0.5187
ORD-00205,2025-01-19,CUST-0154,South,Home,Storage Basket,1,24.99,10.0,0.1,22.49,10.0,12.49,0.5554
ORD-00415,2025-01-20,CUST-0049,South,Electronics,Portable Charger,1,39.99,18.0,0.1,35.99,18.0,17.99,0.4999
ORD-00423,2025-01-21,CUST-0050,West,Beauty,Makeup Organizer,1,24.99,9.0,0.0,24.99,9.0,15.99,0.6399
ORD-00513,2025-01-21,CUST-0114,Midwest,Home,Throw Blanket,1,44.99,20.0,0.05,42.74,20.0,22.74,0.5321
ORD-00239,2025-01-22,CUST-0046,South,Electronics,Smart Watch,3,129.99,78.0,0.1,350.97,234.0,116.97,0.3333
ORD-00424,2025-01-23,CUST-0010,South,Electronics,Bluetooth Speaker,5,59.99,31.0,0.1,269.95,155.0,114.95,0.4258
ORD-00273,2025-01-23,CUST-0022,South,Fitness,Yoga Mat,2,34.99,14.0,0.0,69.98,28.0,41.98,0.5999
ORD-00422,2025-01-23,CUST-0206,Northeast,Beauty,Body Care Set,2,29.99,11.0,0.05,56.98,22.0,34.98,0.6139
ORD-00485,2025-01-23,CUST-0156,South,Electronics,Bluetooth Speaker,2,59.99,31.0,0.0,119.98,62.0,57.98,0.4832
ORD-00568,2025-01-24,CUST-0123,Midwest,Electronics,Wireless Headphones,1,79.99,42.0,0.05,75.99,42.0,33.99,0.4473
ORD-00449,2025-01-25,CUST-0175,Northeast,Beauty,Hair Tool,1,69.99,31.0,0.0,69.99,31.0,38.99,0.5571
ORD-00287,2025-01-26,CUST-0200,Midwest,Home,Scented Candle,2,19.99,7.5,0.05,37.98,15.0,22.98,0.6051
ORD-00633,2025-01-26,CUST-0023,South,Fitness,Water Bottle,2,19.99,6.5,0.05,37.98,13.0,24.98,0.6577
ORD-00435,2025-01-27,CUST-0114,Midwest,Beauty,Makeup Organizer,1,24.99,9.0,0.0,24.99,9.0,15.99,0.6399
ORD-00075,2025-01-28,CUST-0047,Midwest,Home,Desk Lamp,4,34.99,16.0,0.0,139.96,64.0,75.96,0.5427
ORD-00643,2025-01-28,CUST-0086,Midwest,Home,Scented Candle,2,19.99,7.5,0.0,39.98,15.0,24.98,0.6248
ORD-00451,2025-01-29,CUST-0147,West,Beauty,Makeup Organizer,1,24.99,9.0,0.0,24.99,9.0,15.99,0.6399
ORD-00069,2025-01-30,CUST-0173,South,Electronics,Portable Charger,3,39.99,18.0,0.0,119.97,54.0,65.97,0.5499
ORD-00259,2025-01-31,CUST-0094,South,Beauty,Skincare Set,1,54.99,22.0,0.0,54.99,22.0,32.99,0.5999
ORD-00270,2025-01-31,CUST-0089,South,Home,Storage Basket,2,24.99,10.0,0.0,49.98,20.0,29.98,0.5998
ORD-00099,2025-02-01,CUST-0030,South,Fitness,Water Bottle,1,19.99,6.5,0.2,15.99,6.5,9.49,0.5935
ORD-00290,2025-02-01,,Midwest,Home,Storage Basket,1,24.99,10.0,0.0,24.99,10.0,14.99,0.5998
ORD-00109,2025-02-01,CUST-0017,West,Home,Desk Lamp,2,34.99,16.0,0.05,66.48,32.0,34.48,0.5187
ORD-00294,2025-02-01,CUST-0179,West,Electronics,Wireless Headphones,1,79.99,42.0,0.0,79.99,42.0,37.99,0.4749
ORD-00188,2025-02-01,CUST-0023,South,Electronics,Smart Watch,3,129.99,78.0,0.05,370.47,234.0,136.47,0.3684
ORD-00193,2025-02-01,CUST-0197,West,Home,Scented Candle,1,19.99,7.5,0.0,19.99,7.5,12.49,0.6248
ORD-00218,2025-02-02,CUST-0023,Northeast,Home,Scented Candle,1,19.99,7.5,0.0,19.99,7.5,12.49,0.6248
ORD-00628,2025-02-04,CUST-0037,South,Beauty,Body Care Set,1,29.99,11.0,0.0,29.99,11.0,18.99,0.6332
ORD-00337,2025-02-05,CUST-0155,South,Fitness,Foam Roller,2,29.99,12.0,0.05,56.98,24.0,32.98,0.5788
ORD-00583,2025-02-05,CUST-0019,Midwest,Beauty,Body Care Set,2,29.99,11.0,0.15,50.98,22.0,28.98,0.5685
ORD-00636,2025-02-05,CUST-0114,South,Fitness,Foam Roller,1,29.99,12.0,0.15,25.49,12.0,13.49,0.5293
ORD-00608,2025-02-05,CUST-0167,West,Electronics,Smart Watch,2,129.99,78.0,0.2,207.98,156.0,51.98,0.2499
ORD-00363,2025-02-06,CUST-0115,Northeast,Home,Scented Candle,2,19.99,7.5,0.0,39.98,15.0,24.98,0.6248
ORD-00404,2025-02-06,CUST-0094,Northeast,Beauty,Makeup Organizer,2,24.99,9.0,0.05,47.48,18.0,29.48,0.6209
ORD-00339,2025-02-06,CUST-0007,Northeast,Beauty,Hair Tool,2,69.99,31.0,0.0,139.98,62.0,77.98,0.5571
ORD-00511,2025-02-07,CUST-0191,Northeast,Electronics,Bluetooth Speaker,4,59.99,31.0,0.0,239.96,124.0,115.96,0.4832
ORD-00409,2025-02-07,CUST-0021,Midwest,Home,Scented Candle,3,19.99,7.5,0.1,53.97,22.5,31.47,0.5831
ORD-00086,2025-02-07,CUST-0091,West,Electronics,Portable Charger,1,39.99,18.0,0.05,37.99,18.0,19.99,0.5262
ORD-00129,2025-02-08,CUST-0018,South,Home,Scented Candle,3,19.99,7.5,0.1,53.97,22.5,31.47,0.5831
ORD-00473,2025-02-11,CUST-0157,Northeast,Electronics,Wireless Headphones,1,79.99,42.0,0.0,79.99,42.0,37.99,0.4749
ORD-00060,2025-02-11,CUST-0159,South,Electronics,Bluetooth Speaker,2,59.99,31.0,0.1,107.98,62.0,45.98,0.4258
ORD-00009,2025-02-12,CUST-0117,Northeast,Home,Desk Lamp,2,34.99,16.0,0.2,55.98,32.0,23.98,0.4284
ORD-00619,2025-02-13,CUST-0004,West,Beauty,Skincare Set,2,54.99,22.0,0.0,109.98,44.0,65.98,0.5999
ORD-00437,2025-02-15,CUST-0075,West,Electronics,Bluetooth Speaker,1,59.99,31.0,0.0,59.99,31.0,28.99,0.4832
ORD-00364,2025-02-16,CUST-0115,West,Electronics,Bluetooth Speaker,4,59.99,31.0,0.05,227.96,124.0,103.96,0.456
ORD-00548,2025-02-16,CUST-0216,Northeast,Home,Storage Basket,1,24.99,10.0,0.0,24.99,10.0,14.99,0.5998
ORD-00155,2025-02-17,CUST-0080,Northeast,Home,Storage Basket,2,24.99,10.0,0.0,49.98,20.0,29.98,0.5998
ORD-00123,2025-02-17,CUST-0043,South,Electronics,Wireless Headphones,4,79.99,42.0,0.1,287.96,168.0,119.96,0.4166
ORD-00005,2025-02-18,CUST-0020,Northeast,Electronics,Smart Watch,1,129.99,78.0,0.0,129.99,78.0,51.99,0.4
ORD-00455,2025-02-18,CUST-0185,West,Beauty,Hair Tool,2,69.99,31.0,0.0,139.98,62.0,77.98,0.5571
ORD-00240,2025-02-18,CUST-0047,South,Fitness,Yoga Mat,2,34.99,14.0,0.05,66.48,28.0,38.48,0.5788
ORD-00362,2025-02-18,CUST-0092,South,Fitness,Yoga Mat,1,34.99,14.0,0.05,33.24,14.0,19.24,0.5788
ORD-00037,2025-02-18,CUST-0034,Northeast,Beauty,Skincare Set,2,54.99,22.0,0.05,104.48,44.0,60.48,0.5789
ORD-00098,2025-02-19,CUST-0138,Midwest,Beauty,Makeup Organizer,1,24.99,9.0,0.0,24.99,9.0,15.99,0.6399
ORD-00561,2025-02-21,CUST-0206,West,Fitness,Yoga Mat,4,34.99,14.0,0.0,139.96,56.0,83.96,0.5999
ORD-00525,2025-02-22,CUST-0120,South,Home,Storage Basket,1,24.99,10.0,0.05,23.74,10.0,13.74,0.5788
ORD-00258,2025-02-22,CUST-0002,Northeast,Electronics,Wireless Headphones,2,79.99,42.0,0.1,143.98,84.0,59.98,0.4166
ORD-00161,2025-02-23,CUST-0100,South,Fitness,Foam Roller,1,29.99,12.0,0.0,29.99,12.0,17.99,0.5999
ORD-00350,2025-02-24,CUST-0068,Midwest,Electronics,Wireless Headphones,5,79.99,42.0,0.0,399.95,210.0,189.95,0.4749
ORD-00413,2025-02-25,CUST-0055,Midwest,Beauty,Body Care Set,1,29.99,11.0,0.0,29.99,11.0,18.99,0.6332
ORD-00209,2025-02-25,CUST-0061,South,Electronics,Bluetooth Speaker,1,59.99,31.0,0.0,59.99,31.0,28.99,0.4832
ORD-00392,2025-02-25,CUST-0069,West,Home,Desk Lamp,1,34.99,16.0,0.1,31.49,16.0,15.49,0.4919
ORD-00269,2025-02-26,CUST-0109,West,Beauty,Hair Tool,2,69.99,31.0,0.05,132.98,62.0,70.98,0.5338
ORD-00230,2025-02-26,CUST-0091,Northeast,Fitness,Resistance Bands,1,24.99,8.0,0.0,24.99,8.0,16.99,0.6799
ORD-00389,2025-02-27,CUST-0074,Midwest,Fitness,Resistance Bands,1,24.99,8.0,0.1,22.49,8.0,14.49,0.6443
ORD-00140,2025-02-27,CUST-0129,West,Electronics,Smart Watch,1,129.99,78.0,0.0,129.99,78.0,51.99,0.4
ORD-00510,2025-02-27,CUST-0204,West,Home,Scented Candle,2,19.99,7.5,0.0,39.98,15.0,24.98,0.6248
ORD-00352,2025-03-01,CUST-0127,Midwest,Fitness,Foam Roller,1,29.99,12.0,0.15,25.49,12.0,13.49,0.5293
ORD-00444,2025-03-01,CUST-0108,South,Home,Desk Lamp,1,34.99,16.0,0.0,34.99,16.0,18.99,0.5427
ORD-00153,2025-03-02,CUST-0141,Northeast,Home,Scented Candle,1,19.99,7.5,0.1,17.99,7.5,10.49,0.5831
ORD-00589,2025-03-02,CUST-0097,South,Electronics,Portable Charger,1,39.99,18.0,0.0,39.99,18.0,21.99,0.5499
ORD-00051,2025-03-02,CUST-0167,South,Electronics,Portable Charger,1,39.99,18.0,0.05,37.99,18.0,19.99,0.5262
ORD-00469,2025-03-03,CUST-0046,Northeast,Fitness,Resistance Bands,2,24.99,8.0,0.0,49.98,16.0,33.98,0.6799
ORD-00231,2025-03-03,CUST-0030,Northeast,Electronics,Portable Charger,1,39.99,18.0,0.0,39.99,18.0,21.99,0.5499
ORD-00059,2025-03-04,CUST-0063,Midwest,Home,Throw Blanket,1,44.99,20.0,0.0,44.99,20.0,24.99,0.5555
ORD-00516,2025-03-04,CUST-0096,South,Fitness,Yoga Mat,3,34.99,14.0,0.05,99.72,42.0,57.72,0.5788
ORD-00310,2025-03-04,CUST-0054,Midwest,Home,Storage Basket,1,24.99,10.0,0.1,22.49,10.0,12.49,0.5554
ORD-00026,2025-03-06,CUST-0149,South,Fitness,Foam Roller,5,29.99,12.0,0.0,149.95,60.0,89.95,0.5999
ORD-00539,2025-03-07,CUST-0014,Northeast,Home,Throw Blanket,1,44.99,20.0,0.05,42.74,20.0,22.74,0.5321
ORD-00282,2025-03-07,CUST-0023,West,Beauty,Skincare Set,1,54.99,22.0,0.05,52.24,22.0,30.24,0.5789
ORD-00552,2025-03-08,CUST-0041,Midwest,Home,Desk Lamp,1,34.99,16.0,0.0,34.99,16.0,18.99,0.5427
ORD-00523,2025-03-10,CUST-0043,Northeast,Beauty,Body Care Set,1,29.99,11.0,0.0,29.99,11.0,18.99,0.6332
ORD-00204,2025-03-10,CUST-0006,South,Beauty,Hair Tool,1,69.99,31.0,0.15,59.49,31.0,28.49,0.4789
ORD-00456,2025-03-10,CUST-0162,Midwest,Fitness,Resistance Bands,2,24.99,8.0,0.0,49.98,16.0,33.98,0.6799
ORD-00091,2025-03-10,CUST-0085,Northeast,Fitness,Foam Roller,1,29.99,12.0,0.05,28.49,12.0,16.49,0.5788
ORD-00261,2025-03-10,CUST-0122,West,Electronics,Smart Watch,1,129.99,78.0,0.0,129.99,78.0,51.99,0.4
ORD-00538,2025-03-10,CUST-0006,Northeast,Fitness,Yoga Mat,2,34.99,14.0,0.05,66.48,28.0,38.48,0.5788
ORD-00272,2025-03-12,CUST-0073,South,Fitness,Water Bottle,2,19.99,6.5,0.05,37.98,13.0,24.98,0.6577
ORD-00195,2025-03-13,CUST-0093,Northeast,Beauty,Hair Tool,5,69.99,31.0,0.0,349.95,155.0,194.95,0.5571
ORD-00419,2025-03-13,CUST-0016,South,Beauty,Body Care Set,2,29.99,11.0,0.05,56.98,22.0,34.98,0.6139
ORD-00454,2025-03-13,CUST-0073,Northeast,Home,Throw Blanket,1,44.99,20.0,0.2,35.99,20.0,15.99,0.4443
ORD-00474,2025-03-13,CUST-0149,West,Electronics,Bluetooth Speaker,2,59.99,31.0,0.0,119.98,62.0,57.98,0.4832
ORD-00462,2025-03-13,CUST-0140,West,Beauty,Hair Tool,5,69.99,31.0,0.2,279.96,155.0,124.96,0.4463
ORD-00335,2025-03-13,CUST-0103,South,Beauty,Hair Tool,1,69.99,31.0,0.05,66.49,31.0,35.49,0.5338
ORD-00196,2025-03-14,CUST-0074,South,Electronics,Portable Charger,1,39.99,18.0,0.2,31.99,18.0,13.99,0.4374
ORD-00217,2025-03-15,CUST-0052,Northeast,Home,Throw Blanket,1,44.99,20.0,0.15,38.24,20.0,18.24,0.477
ORD-00553,2025-03-15,CUST-0039,Northeast,Electronics,Wireless Headphones,1,79.99,42.0,0.05,75.99,42.0,33.99,0.4473
ORD-00266,2025-03-15,CUST-0118,Midwest,Home,Storage Basket,2,24.99,10.0,0.2,39.98,20.0,19.98,0.4998
ORD-00199,2025-03-15,CUST-0084,South,Home,Throw Blanket,2,44.99,20.0,0.2,71.98,40.0,31.98,0.4443
ORD-00131,2025-03-15,CUST-0088,Midwest,Fitness,Foam Roller,1,29.99,12.0,0.1,26.99,12.0,14.99,0.5554
ORD-00115,2025-03-19,CUST-0041,West,Beauty,Makeup Organizer,1,24.99,9.0,0.0,24.99,9.0,15.99,0.6399
ORD-00050,2025-03-19,CUST-0192,West,Electronics,Portable Charger,2,39.99,18.0,0.0,79.98,36.0,43.98,0.5499
ORD-00268,2025-03-19,CUST-0100,Northeast,Home,Scented Candle,2,19.99,7.5,0.0,39.98,15.0,24.98,0.6248
ORD-00417,2025-03-21,CUST-0200,West,Home,Scented Candle,1,19.99,7.5,0.0,19.99,7.5,12.49,0.6248
ORD-00029,2025-03-21,CUST-0210,Midwest,Fitness,Yoga Mat,2,34.99,14.0,0.0,69.98,28.0,41.98,0.5999
ORD-00587,2025-03-21,CUST-0107,South,Electronics,Portable Charger,1,39.99,18.0,0.1,35.99,18.0,17.99,0.4999
ORD-00302,2025-03-23,CUST-0070,Northeast,Home,Storage Basket,3,24.99,10.0,0.05,71.22,30.0,41.22,0.5788
ORD-00341,2025-03-23,CUST-0061,Northeast,Beauty,Makeup Organizer,1,24.99,9.0,0.1,22.49,9.0,13.49,0.5998
ORD-00375,2025-03-23,CUST-0001,Midwest,Electronics,Bluetooth Speaker,5,59.99,31.0,0.1,269.95,155.0,114.95,0.4258
ORD-00442,2025-03-24,CUST-0155,West,Fitness,Yoga Mat,2,34.99,14.0,0.15,59.48,28.0,31.48,0.5293
ORD-00213,2025-03-24,CUST-0014,West,Home,Throw Blanket,3,44.99,20.0,0.0,134.97,60.0,74.97,0.5555
ORD-00545,2025-03-24,CUST-0088,South,Electronics,Wireless Headphones,1,79.99,42.0,0.2,63.99,42.0,21.99,0.3437
ORD-00128,2025-03-28,CUST-0174,Northeast,Fitness,Foam Roller,4,29.99,12.0,0.1,107.96,48.0,59.96,0.5554
ORD-00084,2025-03-28,CUST-0034,West,Electronics,Wireless Headphones,1,79.99,42.0,0.0,79.99,42.0,37.99,0.4749
ORD-00089,2025-03-28,CUST-0115,South,Home,Desk Lamp,2,34.99,16.0,0.0,69.98,32.0,37.98,0.5427
ORD-00207,2025-03-29,CUST-0106,South,Home,Storage Basket,2,24.99,10.0,0.05,47.48,20.0,27.48,0.5788
ORD-00264,2025-03-29,,Midwest,Beauty,Body Care Set,1,29.99,11.0,0.15,25.49,11.0,14.49,0.5685
ORD-00376,2025-03-31,CUST-0142,West,Electronics,Wireless Headphones,2,79.99,42.0,0.0,159.98,84.0,75.98,0.4749
ORD-00036,2025-03-31,CUST-0040,Midwest,Fitness,Yoga Mat,1,34.99,14.0,0.0,34.99,14.0,20.99,0.5999
ORD-00175,2025-03-31,CUST-0104,Northeast,Fitness,Water Bottle,2,19.99,6.5,0.0,39.98,13.0,26.98,0.6748
ORD-00644,2025-04-01,CUST-0070,South,Fitness,Yoga Mat,1,34.99,14.0,0.0,34.99,14.0,20.99,0.5999
ORD-00146,2025-04-02,CUST-0073,Midwest,Fitness,Yoga Mat,2,34.99,14.0,0.05,66.48,28.0,38.48,0.5788
ORD-00163,2025-04-02,CUST-0072,South,Fitness,Resistance Bands,2,24.99,8.0,0.15,42.48,16.0,26.48,0.6234
ORD-00243,2025-04-03,CUST-0012,West,Home,Storage Basket,2,24.99,10.0,0.15,42.48,20.0,22.48,0.5292
ORD-00488,2025-04-03,CUST-0175,Northeast,Home,Scented Candle,1,19.99,7.5,0.0,19.99,7.5,12.49,0.6248
ORD-00536,2025-04-05,CUST-0055,West,Beauty,Hair Tool,1,69.99,31.0,0.0,69.99,31.0,38.99,0.5571
ORD-00445,2025-04-07,CUST-0117,South,Fitness,Water Bottle,3,19.99,6.5,0.15,50.97,19.5,31.47,0.6175
ORD-00309,2025-04-08,CUST-0100,Northeast,Home,Desk Lamp,1,34.99,16.0,0.0,34.99,16.0,18.99,0.5427
ORD-00206,2025-04-08,CUST-0217,,Fitness,Yoga Mat,2,34.99,14.0,0.1,62.98,28.0,34.98,0.5554
ORD-00016,2025-04-09,CUST-0040,Midwest,Home,Throw Blanket,2,44.99,20.0,0.2,71.98,40.0,31.98,0.4443
ORD-00103,2025-04-09,CUST-0037,West,Fitness,Water Bottle,3,19.99,6.5,0.0,59.97,19.5,40.47,0.6748
ORD-00562,2025-04-09,CUST-0149,South,Beauty,Hair Tool,1,69.99,31.0,0.05,66.49,31.0,35.49,0.5338
ORD-00482,2025-04-11,CUST-0095,Midwest,Electronics,Bluetooth Speaker,1,59.99,31.0,0.15,50.99,31.0,19.99,0.3921
ORD-00284,2025-04-13,CUST-0147,Midwest,Beauty,Makeup Organizer,1,24.99,9.0,0.2,19.99,9.0,10.99,0.5498
ORD-00074,2025-04-13,CUST-0006,Northeast,Fitness,Resistance Bands,2,24.99,8.0,0.0,49.98,16.0,33.98,0.6799
ORD-00255,2025-04-14,CUST-0104,West,Home,Scented Candle,1,19.99,7.5,0.0,19.99,7.5,12.49,0.6248
ORD-00173,2025-04-14,CUST-0056,South,Home,Scented Candle,1,19.99,7.5,0.0,19.99,7.5,12.49,0.6248
ORD-00192,2025-04-15,CUST-0004,Midwest,Fitness,Yoga Mat,1,34.99,14.0,0.05,33.24,14.0,19.24,0.5788
ORD-00283,2025-04-16,CUST-0112,Midwest,Fitness,Yoga Mat,3,34.99,14.0,0.05,99.72,42.0,57.72,0.5788
ORD-00190,2025-04-16,CUST-0060,Midwest,Home,Throw Blanket,1,44.99,20.0,0.0,44.99,20.0,24.99,0.5555
ORD-00112,2025-04-17,CUST-0030,South,Home,Desk Lamp,2,34.99,16.0,0.0,69.98,32.0,37.98,0.5427
ORD-00372,2025-04-18,CUST-0063,South,Fitness,Foam Roller,1,29.99,12.0,0.0,29.99,12.0,17.99,0.5999
ORD-00254,2025-04-19,CUST-0052,Northeast,Home,Desk Lamp,1,34.99,16.0,0.05,33.24,16.0,17.24,0.5187
ORD-00348,2025-04-20,CUST-0017,West,Home,Throw Blanket,1,44.99,20.0,0.0,44.99,20.0,24.99,0.5555
ORD-00313,2025-04-21,CUST-0157,South,Home,Throw Blanket,5,44.99,20.0,0.15,191.21,100.0,91.21,0.477
ORD-00436,2025-04-24,CUST-0167,South,Electronics,Smart Watch,1,129.99,78.0,0.15,110.49,78.0,32.49,0.2941
ORD-00039,2025-04-24,CUST-0115,South,Electronics,Wireless Headphones,1,79.99,42.0,0.2,63.99,42.0,21.99,0.3437
ORD-00475,2025-04-24,CUST-0080,Northeast,Home,Storage Basket,4,24.99,10.0,0.1,89.96,40.0,49.96,0.5554
ORD-00556,2025-04-26,CUST-0112,Northeast,Home,Scented Candle,4,19.99,7.5,0.05,75.96,30.0,45.96,0.6051
ORD-00596,2025-04-26,CUST-0029,South,Electronics,Smart Watch,3,129.99,78.0,0.0,389.97,234.0,155.97,0.4
ORD-00332,2025-04-27,CUST-0220,West,Beauty,Skincare Set,1,54.99,22.0,0.1,49.49,22.0,27.49,0.5555
ORD-00071,2025-04-27,CUST-0088,Northeast,Beauty,Skincare Set,2,54.99,22.0,0.0,109.98,44.0,65.98,0.5999
ORD-00108,2025-04-27,CUST-0079,South,Fitness,Foam Roller,1,29.99,12.0,0.0,29.99,12.0,17.99,0.5999
ORD-00416,2025-04-27,CUST-0011,Midwest,Beauty,Hair Tool,1,69.99,31.0,0.0,69.99,31.0,38.99,0.5571
ORD-00427,2025-04-29,CUST-0152,Midwest,Electronics,Portable Charger,1,39.99,18.0,0.0,39.99,18.0,21.99,0.5499
ORD-00507,2025-05-01,CUST-0039,South,Fitness,Yoga Mat,5,34.99,14.0,0.0,174.95,70.0,104.95,0.5999
ORD-00571,2025-05-02,CUST-0042,West,Home,Storage Basket,3,24.99,10.0,0.05,71.22,30.0,41.22,0.5788
ORD-00580,2025-05-04,CUST-0112,Northeast,Home,Throw Blanket,1,44.99,20.0,0.15,38.24,20.0,18.24,0.477
ORD-00184,2025-05-04,CUST-0040,West,Fitness,Foam Roller,1,29.99,12.0,0.05,28.49,12.0,16.49,0.5788
ORD-00319,2025-05-04,CUST-0179,Northeast,Electronics,Bluetooth Speaker,3,59.99,31.0,0.0,179.97,93.0,86.97,0.4832
ORD-00330,2025-05-04,CUST-0062,West,Beauty,Skincare Set,2,54.99,22.0,0.05,104.48,44.0,60.48,0.5789
ORD-00398,2025-05-05,CUST-0130,South,Home,Throw Blanket,5,44.99,20.0,0.2,179.96,100.0,79.96,0.4443
ORD-00476,2025-05-05,CUST-0153,South,Fitness,Water Bottle,1,19.99,6.5,0.1,17.99,6.5,11.49,0.6387
ORD-00316,2025-05-06,CUST-0039,South,Electronics,Portable Charger,2,39.99,18.0,0.2,63.98,36.0,27.98,0.4374
ORD-00095,2025-05-07,CUST-0110,West,Beauty,Body Care Set,1,29.99,11.0,0.05,28.49,11.0,17.49,0.6139
ORD-00517,2025-05-08,CUST-0123,South,Electronics,Smart Watch,1,129.99,78.0,0.0,129.99,78.0,51.99,0.4
ORD-00263,2025-05-08,CUST-0030,South,Electronics,Portable Charger,1,39.99,18.0,0.2,31.99,18.0,13.99,0.4374
ORD-00113,2025-05-08,CUST-0029,Midwest,Electronics,Smart Watch,1,129.99,78.0,0.15,110.49,78.0,32.49,0.2941
ORD-00022,2025-05-09,CUST-0066,Midwest,Beauty,Makeup Organizer,1,24.99,9.0,0.0,24.99,9.0,15.99,0.6399
ORD-00401,2025-05-09,CUST-0195,Northeast,Electronics,Wireless Headphones,1,79.99,42.0,0.0,79.99,42.0,37.99,0.4749
ORD-00494,2025-05-09,CUST-0104,South,Fitness,Resistance Bands,2,24.99,8.0,0.0,49.98,16.0,33.98,0.6799
ORD-00615,2025-05-11,CUST-0050,West,Beauty,Body Care Set,3,29.99,11.0,0.1,80.97,33.0,47.97,0.5925
ORD-00557,2025-05-12,CUST-0061,West,Home,Scented Candle,1,19.99,7.5,0.0,19.99,7.5,12.49,0.6248
ORD-00588,2025-05-13,CUST-0074,South,Beauty,Skincare Set,2,54.99,22.0,0.0,109.98,44.0,65.98,0.5999
ORD-00033,2025-05-14,CUST-0008,South,Fitness,Foam Roller,1,29.99,12.0,0.05,28.49,12.0,16.49,0.5788
ORD-00068,2025-05-15,CUST-0068,Northeast,Fitness,Resistance Bands,2,24.99,8.0,0.0,49.98,16.0,33.98,0.6799
ORD-00618,2025-05-16,CUST-0025,Northeast,Home,Storage Basket,1,24.99,10.0,0.0,24.99,10.0,14.99,0.5998
ORD-00514,2025-05-16,CUST-0032,South,Fitness,Yoga Mat,1,34.99,14.0,0.0,34.99,14.0,20.99,0.5999
ORD-00277,2025-05-17,CUST-0157,South,Fitness,Foam Roller,2,29.99,12.0,0.05,56.98,24.0,32.98,0.5788
ORD-00369,2025-05-17,CUST-0013,Midwest,Electronics,Smart Watch,2,129.99,78.0,0.0,259.98,156.0,103.98,0.4
ORD-00044,2025-05-18,CUST-0050,Northeast,Beauty,Hair Tool,1,69.99,31.0,0.0,69.99,31.0,38.99,0.5571
ORD-00134,2025-05-18,CUST-0062,West,Home,Desk Lamp,3,34.99,16.0,0.0,104.97,48.0,56.97,0.5427
ORD-00464,2025-05-19,CUST-0017,Northeast,Electronics,Wireless Headphones,1,79.99,42.0,0.05,75.99,42.0,33.99,0.4473
ORD-00225,2025-05-19,CUST-0173,Northeast,Home,Desk Lamp,1,34.99,16.0,0.2,27.99,16.0,11.99,0.4284
ORD-00127,2025-05-21,CUST-0020,West,Electronics,Portable Charger,1,39.99,18.0,0.05,37.99,18.0,19.99,0.5262
ORD-00048,2025-05-22,CUST-0027,Northeast,Electronics,Wireless Headphones,1,79.99,42.0,0.0,79.99,42.0,37.99,0.4749
ORD-00374,2025-05-24,CUST-0010,West,Fitness,Resistance Bands,2,24.99,8.0,0.0,49.98,16.0,33.98,0.6799
ORD-00169,2025-05-25,CUST-0105,South,Electronics,Portable Charger,1,39.99,18.0,0.15,33.99,18.0,15.99,0.4705
ORD-00221,2025-05-27,CUST-0018,West,Electronics,Wireless Headphones,2,79.99,42.0,0.0,159.98,84.0,75.98,0.4749
ORD-00200,2025-05-27,CUST-0063,West,Fitness,Foam Roller,1,29.99,12.0,0.0,29.99,12.0,17.99,0.5999
ORD-00171,2025-05-28,CUST-0031,South,Electronics,Smart Watch,4,129.99,78.0,0.05,493.96,312.0,181.96,0.3684
ORD-00515,2025-05-28,CUST-0110,Midwest,Home,Storage Basket,1,24.99,10.0,0.0,24.99,10.0,14.99,0.5998
ORD-00593,2025-05-28,CUST-0062,South,Electronics,Bluetooth Speaker,3,59.99,31.0,0.0,179.97,93.0,86.97,0.4832
ORD-00323,2025-05-29,CUST-0132,South,Electronics,Portable Charger,2,39.99,18.0,0.0,79.98,36.0,43.98,0.5499
ORD-00077,2025-05-30,CUST-0097,West,Electronics,Wireless Headphones,1,79.99,42.0,0.05,75.99,42.0,33.99,0.4473
ORD-00076,2025-05-30,CUST-0018,West,Fitness,Foam Roller,1,29.99,12.0,0.2,23.99,12.0,11.99,0.4998
ORD-00484,2025-05-30,CUST-0158,South,Beauty,Body Care Set,1,29.99,11.0,0.05,28.49,11.0,17.49,0.6139
ORD-00147,2025-05-30,CUST-0023,South,Home,Throw Blanket,1,44.99,20.0,0.1,40.49,20.0,20.49,0.5061
ORD-00267,2025-05-31,CUST-0091,South,Home,Storage Basket,5,24.99,10.0,0.0,124.95,50.0,74.95,0.5998
ORD-00530,2025-05-31,CUST-0040,West,Electronics,Smart Watch,5,129.99,78.0,0.15,552.46,390.0,162.46,0.2941
ORD-00157,2025-05-31,CUST-0143,Northeast,Electronics,Bluetooth Speaker,1,59.99,31.0,0.0,59.99,31.0,28.99,0.4832
ORD-00407,2025-05-31,CUST-0102,West,Electronics,Portable Charger,1,39.99,18.0,0.1,35.99,18.0,17.99,0.4999
ORD-00250,2025-06-01,CUST-0004,South,Electronics,Wireless Headphones,3,79.99,42.0,0.15,203.97,126.0,77.97,0.3823
ORD-00232,2025-06-01,CUST-0090,South,Electronics,Wireless Headphones,2,79.99,42.0,0.0,159.98,84.0,75.98,0.4749
ORD-00569,2025-06-01,CUST-0184,South,Fitness,Resistance Bands,2,24.99,8.0,0.05,47.48,16.0,31.48,0.663
ORD-00481,2025-06-02,CUST-0108,West,Beauty,Hair Tool,1,69.99,31.0,0.0,69.99,31.0,38.99,0.5571
ORD-00315,2025-06-02,CUST-0036,West,Home,Storage Basket,2,24.99,10.0,0.05,47.48,20.0,27.48,0.5788
ORD-00288,2025-06-03,CUST-0076,South,Electronics,Bluetooth Speaker,2,59.99,31.0,0.0,119.98,62.0,57.98,0.4832
ORD-00166,2025-06-04,CUST-0029,South,Beauty,Body Care Set,1,29.99,11.0,0.0,29.99,11.0,18.99,0.6332
ORD-00626,2025-06-04,CUST-0003,Northeast,Electronics,Portable Charger,1,39.99,18.0,0.1,35.99,18.0,17.99,0.4999
ORD-00550,2025-06-05,CUST-0028,South,Electronics,Portable Charger,1,39.99,18.0,0.05,37.99,18.0,19.99,0.5262
ORD-00312,2025-06-05,CUST-0199,Northeast,Electronics,Portable Charger,2,39.99,18.0,0.0,79.98,36.0,43.98,0.5499
ORD-00307,2025-06-05,CUST-0038,Northeast,Electronics,Portable Charger,3,39.99,18.0,0.0,119.97,54.0,65.97,0.5499
ORD-00187,2025-06-05,CUST-0115,West,Fitness,Water Bottle,3,19.99,6.5,0.0,59.97,19.5,40.47,0.6748
ORD-00486,2025-06-08,CUST-0063,Northeast,Electronics,Portable Charger,1,39.99,18.0,0.1,35.99,18.0,17.99,0.4999
ORD-00373,2025-06-09,CUST-0042,South,Beauty,Body Care Set,2,29.99,11.0,0.0,59.98,22.0,37.98,0.6332
ORD-00082,2025-06-09,CUST-0063,Northeast,Home,Storage Basket,1,24.99,10.0,0.0,24.99,10.0,14.99,0.5998
ORD-00276,2025-06-10,CUST-0008,Northeast,Electronics,Bluetooth Speaker,2,59.99,31.0,0.2,95.98,62.0,33.98,0.3541
ORD-00286,2025-06-10,CUST-0026,West,Electronics,Wireless Headphones,2,79.99,42.0,0.0,159.98,84.0,75.98,0.4749
ORD-00477,2025-06-10,CUST-0200,West,Electronics,Bluetooth Speaker,5,59.99,31.0,0.15,254.96,155.0,99.96,0.3921
ORD-00072,2025-06-11,CUST-0015,South,Electronics,Bluetooth Speaker,1,59.99,31.0,0.0,59.99,31.0,28.99,0.4832
ORD-00385,2025-06-11,CUST-0166,West,Home,Storage Basket,4,24.99,10.0,0.15,84.97,40.0,44.97,0.5292
ORD-00471,2025-06-11,CUST-0155,West,Beauty,Body Care Set,4,29.99,11.0,0.0,119.96,44.0,75.96,0.6332
ORD-00366,2025-06-12,CUST-0093,South,Beauty,Body Care Set,1,29.99,11.0,0.0,29.99,11.0,18.99,0.6332
ORD-00002,2025-06-13,CUST-0189,South,Fitness,Resistance Bands,2,24.99,8.0,0.05,47.48,16.0,31.48,0.663
ORD-00547,2025-06-13,CUST-0036,Midwest,Home,Scented Candle,1,19.99,7.5,0.0,19.99,7.5,12.49,0.6248
ORD-00378,2025-06-13,CUST-0147,Midwest,Electronics,Smart Watch,3,129.99,78.0,0.0,389.97,234.0,155.97,0.4
ORD-00220,2025-06-14,CUST-0089,South,Fitness,Water Bottle,4,19.99,6.5,0.15,67.97,26.0,41.97,0.6175
ORD-00177,2025-06-15,CUST-0003,West,Electronics,Wireless Headphones,4,79.99,42.0,0.0,319.96,168.0,151.96,0.4749
ORD-00249,2025-06-15,CUST-0132,South,Electronics,Bluetooth Speaker,1,59.99,31.0,0.1,53.99,31.0,22.99,0.4258
ORD-00499,2025-06-15,CUST-0079,West,Fitness,Foam Roller,2,29.99,12.0,0.1,53.98,24.0,29.98,0.5554
ORD-00011,2025-06-16,CUST-0114,Northeast,Beauty,Skincare Set,2,54.99,22.0,0.15,93.48,44.0,49.48,0.5293
ORD-00041,2025-06-17,CUST-0097,Midwest,Electronics,Smart Watch,2,129.99,78.0,0.0,259.98,156.0,103.98,0.4
ORD-00533,2025-06-18,CUST-0155,Midwest,Fitness,Foam Roller,2,29.99,12.0,0.0,59.98,24.0,35.98,0.5999
ORD-00097,2025-06-19,CUST-0033,Northeast,Home,Storage Basket,2,24.99,10.0,0.1,44.98,20.0,24.98,0.5554
ORD-00070,2025-06-20,CUST-0025,Midwest,Electronics,Portable Charger,2,39.99,18.0,0.05,75.98,36.0,39.98,0.5262
ORD-00124,2025-06-21,CUST-0035,Northeast,Electronics,Portable Charger,1,39.99,18.0,0.2,31.99,18.0,13.99,0.4374
ORD-00314,2025-06-21,CUST-0090,Midwest,Electronics,Portable Charger,1,39.99,18.0,0.15,33.99,18.0,15.99,0.4705
ORD-00480,2025-06-21,CUST-0104,West,Beauty,Skincare Set,1,54.99,22.0,0.05,52.24,22.0,30.24,0.5789
ORD-00149,2025-06-23,CUST-0185,Midwest,Electronics,Portable Charger,1,39.99,18.0,0.0,39.99,18.0,21.99,0.5499
ORD-00094,2025-06-23,CUST-0158,South,Home,Storage Basket,3,24.99,10.0,0.05,71.22,30.0,41.22,0.5788
ORD-00522,2025-06-23,CUST-0085,West,Beauty,Body Care Set,2,29.99,11.0,0.05,56.98,22.0,34.98,0.6139
ORD-00317,2025-06-24,CUST-0002,West,Electronics,Wireless Headphones,1,79.99,42.0,0.05,75.99,42.0,33.99,0.4473
ORD-00034,2025-06-25,CUST-0115,South,Electronics,Wireless Headphones,1,79.99,42.0,0.1,71.99,42.0,29.99,0.4166
ORD-00584,2025-06-26,CUST-0016,West,Beauty,Makeup Organizer,2,24.99,9.0,0.15,42.48,18.0,24.48,0.5763
ORD-00047,2025-06-26,CUST-0121,South,Fitness,Resistance Bands,1,24.99,8.0,0.05,23.74,8.0,15.74,0.663
ORD-00248,2025-06-26,CUST-0097,Northeast,Home,Desk Lamp,2,34.99,16.0,0.15,59.48,32.0,27.48,0.462
ORD-00119,2025-06-26,CUST-0066,South,Home,Desk Lamp,1,34.99,16.0,0.0,34.99,16.0,18.99,0.5427
ORD-00526,2025-06-28,CUST-0040,Midwest,Home,Storage Basket,4,24.99,10.0,0.0,99.96,40.0,59.96,0.5998
ORD-00379,2025-06-28,CUST-0042,South,Beauty,Makeup Organizer,2,24.99,9.0,0.0,49.98,18.0,31.98,0.6399
ORD-00634,2025-06-29,CUST-0067,Northeast,Beauty,Body Care Set,1,29.99,11.0,0.1,26.99,11.0,15.99,0.5925
ORD-00497,2025-06-30,CUST-0072,Midwest,Beauty,Body Care Set,1,29.99,11.0,0.0,29.99,11.0,18.99,0.6332
ORD-00322,2025-07-01,CUST-0147,Northeast,Fitness,Yoga Mat,1,34.99,14.0,0.1,31.49,14.0,17.49,0.5554
ORD-00111,2025-07-02,CUST-0195,Midwest,Fitness,Yoga Mat,1,34.99,14.0,0.0,34.99,14.0,20.99,0.5999
ORD-00509,2025-07-03,CUST-0150,West,Beauty,Body Care Set,4,29.99,11.0,0.1,107.96,44.0,63.96,0.5925
ORD-00551,2025-07-03,CUST-0028,Northeast,Beauty,Hair Tool,3,69.99,31.0,0.0,209.97,93.0,116.97,0.5571
ORD-00062,2025-07-03,CUST-0122,South,Fitness,Water Bottle,2,19.99,6.5,0.0,39.98,13.0,26.98,0.6748
ORD-00438,2025-07-04,CUST-0095,West,Fitness,Water Bottle,1,19.99,6.5,0.15,16.99,6.5,10.49,0.6175
ORD-00505,2025-07-04,CUST-0074,Northeast,Fitness,Foam Roller,1,29.99,12.0,0.0,29.99,12.0,17.99,0.5999
ORD-00576,2025-07-04,CUST-0005,Northeast,Beauty,Body Care Set,3,29.99,11.0,0.0,89.97,33.0,56.97,0.6332
ORD-00237,2025-07-05,CUST-0169,South,Fitness,Water Bottle,1,19.99,6.5,0.05,18.99,6.5,12.49,0.6577
ORD-00145,2025-07-05,CUST-0110,West,Electronics,Wireless Headphones,3,79.99,42.0,0.05,227.97,126.0,101.97,0.4473
ORD-00355,2025-07-05,CUST-0101,Midwest,Electronics,Wireless Headphones,1,79.99,42.0,0.05,75.99,42.0,33.99,0.4473
ORD-00470,2025-07-07,CUST-0086,Midwest,Fitness,Foam Roller,2,29.99,12.0,0.15,50.98,24.0,26.98,0.5293
ORD-00487,2025-07-07,CUST-0031,South,Electronics,Bluetooth Speaker,1,59.99,31.0,0.0,59.99,31.0,28.99,0.4832
ORD-00203,2025-07-08,CUST-0167,Northeast,Home,Desk Lamp,2,34.99,16.0,0.05,66.48,32.0,34.48,0.5187
ORD-00592,2025-07-08,CUST-0210,South,Beauty,Skincare Set,1,54.99,22.0,0.05,52.24,22.0,30.24,0.5789
ORD-00356,2025-07-08,CUST-0096,South,Home,Storage Basket,2,24.99,10.0,0.05,47.48,20.0,27.48,0.5788
ORD-00504,2025-07-09,CUST-0039,Midwest,Fitness,Water Bottle,2,19.99,6.5,0.0,39.98,13.0,26.98,0.6748
ORD-00183,2025-07-09,CUST-0061,West,Home,Storage Basket,2,24.99,10.0,0.0,49.98,20.0,29.98,0.5998
ORD-00304,2025-07-10,CUST-0133,West,Beauty,Skincare Set,3,54.99,22.0,0.0,164.97,66.0,98.97,0.5999
ORD-00038,2025-07-10,CUST-0027,South,Electronics,Smart Watch,2,129.99,78.0,0.0,259.98,156.0,103.98,0.4
ORD-00088,2025-07-11,CUST-0198,Northeast,Home,Throw Blanket,1,44.99,20.0,0.0,44.99,20.0,24.99,0.5555
ORD-00057,2025-07-11,CUST-0074,South,Beauty,Hair Tool,4,69.99,31.0,0.0,279.96,124.0,155.96,0.5571
ORD-00107,2025-07-11,CUST-0185,West,Beauty,Skincare Set,5,54.99,22.0,0.05,261.2,110.0,151.2,0.5789
ORD-00472,2025-07-12,CUST-0141,South,Fitness,Water Bottle,2,19.99,6.5,0.15,33.98,13.0,20.98,0.6175
ORD-00581,2025-07-12,CUST-0204,Northeast,Electronics,Smart Watch,1,129.99,78.0,0.05,123.49,78.0,45.49,0.3684
ORD-00399,2025-07-12,CUST-0105,South,Beauty,Skincare Set,1,54.99,22.0,0.0,54.99,22.0,32.99,0.5999
ORD-00624,2025-07-14,CUST-0188,Midwest,Electronics,Portable Charger,1,39.99,18.0,0.05,37.99,18.0,19.99,0.5262
ORD-00142,2025-07-16,CUST-0099,South,Electronics,Smart Watch,3,129.99,78.0,0.1,350.97,234.0,116.97,0.3333
ORD-00035,2025-07-17,CUST-0091,West,Fitness,Resistance Bands,1,24.99,8.0,0.15,21.24,8.0,13.24,0.6234
ORD-00622,2025-07-17,CUST-0072,Northeast,Beauty,Hair Tool,2,69.99,31.0,0.1,125.98,62.0,63.98,0.5079
ORD-00253,2025-07-17,CUST-0041,Midwest,Electronics,Bluetooth Speaker,3,59.99,31.0,0.1,161.97,93.0,68.97,0.4258
ORD-00601,2025-07-17,,Midwest,Electronics,Smart Watch,3,129.99,78.0,0.0,389.97,234.0,155.97,0.4
ORD-00500,2025-07-17,CUST-0157,Northeast,Beauty,Makeup Organizer,2,24.99,9.0,0.15,42.48,18.0,24.48,0.5763
ORD-00458,2025-07-19,CUST-0106,West,Home,Storage Basket,2,24.99,10.0,0.0,49.98,20.0,29.98,0.5998
ORD-00558,2025-07-19,CUST-0190,South,Fitness,Yoga Mat,1,34.99,14.0,0.1,31.49,14.0,17.49,0.5554
ORD-00573,2025-07-19,CUST-0087,South,Fitness,Water Bottle,1,19.99,6.5,0.2,15.99,6.5,9.49,0.5935
ORD-00546,2025-07-20,CUST-0021,South,Electronics,Bluetooth Speaker,1,59.99,31.0,0.0,59.99,31.0,28.99,0.4832
ORD-00138,2025-07-21,CUST-0040,Midwest,Home,Desk Lamp,4,34.99,16.0,0.0,139.96,64.0,75.96,0.5427
ORD-00396,2025-07-22,CUST-0056,Midwest,Fitness,Yoga Mat,1,34.99,14.0,0.0,34.99,14.0,20.99,0.5999
ORD-00210,2025-07-22,CUST-0004,South,Home,Desk Lamp,1,34.99,16.0,0.0,34.99,16.0,18.99,0.5427
ORD-00027,2025-07-22,CUST-0027,West,Electronics,Bluetooth Speaker,2,59.99,31.0,0.0,119.98,62.0,57.98,0.4832
ORD-00172,2025-07-22,CUST-0082,West,Beauty,Skincare Set,2,54.99,22.0,0.05,104.48,44.0,60.48,0.5789
ORD-00222,2025-07-23,CUST-0156,Midwest,Beauty,Makeup Organizer,2,24.99,9.0,0.0,49.98,18.0,31.98,0.6399
ORD-00560,2025-07-23,CUST-0160,Northeast,Fitness,Resistance Bands,2,24.99,8.0,0.05,47.48,16.0,31.48,0.663
ORD-00311,2025-07-25,CUST-0136,South,Fitness,Water Bottle,1,19.99,6.5,0.05,18.99,6.5,12.49,0.6577
ORD-00141,2025-07-25,CUST-0112,Northeast,Beauty,Hair Tool,2,69.99,31.0,0.05,132.98,62.0,70.98,0.5338
ORD-00384,2025-07-25,CUST-0032,South,Beauty,Body Care Set,3,29.99,11.0,0.1,80.97,33.0,47.97,0.5925
ORD-00278,2025-07-25,CUST-0160,West,Home,Scented Candle,1,19.99,7.5,0.1,17.99,7.5,10.49,0.5831
ORD-00126,2025-07-26,CUST-0035,West,Electronics,Bluetooth Speaker,4,59.99,31.0,0.15,203.97,124.0,79.97,0.3921
ORD-00359,2025-07-27,CUST-0174,West,Electronics,Smart Watch,1,129.99,78.0,0.1,116.99,78.0,38.99,0.3333
ORD-00010,2025-07-27,CUST-0065,Midwest,Home,Scented Candle,4,19.99,7.5,0.0,79.96,30.0,49.96,0.6248
ORD-00289,2025-07-27,CUST-0105,Northeast,Electronics,Portable Charger,2,39.99,18.0,0.1,71.98,36.0,35.98,0.4999
ORD-00306,2025-07-28,CUST-0096,Northeast,Beauty,Body Care Set,1,29.99,11.0,0.15,25.49,11.0,14.49,0.5685
ORD-00015,2025-07-28,CUST-0031,West,Electronics,Portable Charger,1,39.99,18.0,0.1,35.99,18.0,17.99,0.4999
ORD-00090,2025-07-29,CUST-0026,Midwest,Beauty,Makeup Organizer,1,24.99,9.0,0.0,24.99,9.0,15.99,0.6399
ORD-00648,2025-07-29,CUST-0022,West,Home,Storage Basket,1,24.99,10.0,0.1,22.49,10.0,12.49,0.5554
ORD-00610,2025-07-30,CUST-0189,West,Beauty,Makeup Organizer,1,24.99,9.0,0.1,22.49,9.0,13.49,0.5998
ORD-00537,2025-07-30,CUST-0021,West,Fitness,Yoga Mat,2,34.99,14.0,0.05,66.48,28.0,38.48,0.5788
ORD-00400,2025-07-30,CUST-0121,West,Fitness,Water Bottle,2,19.99,6.5,0.1,35.98,13.0,22.98,0.6387
ORD-00148,2025-07-30,CUST-0168,Midwest,Electronics,Bluetooth Speaker,3,59.99,31.0,0.0,179.97,93.0,86.97,0.4832
ORD-00093,2025-07-31,CUST-0212,South,Electronics,Smart Watch,1,129.99,78.0,0.05,123.49,78.0,45.49,0.3684
ORD-00324,2025-08-01,CUST-0172,West,Fitness,Yoga Mat,1,34.99,14.0,0.15,29.74,14.0,15.74,0.5293
ORD-00483,2025-08-01,CUST-0205,South,Fitness,Yoga Mat,2,34.99,14.0,0.0,69.98,28.0,41.98,0.5999
ORD-00066,2025-08-01,CUST-0102,South,Fitness,Resistance Bands,4,24.99,8.0,0.15,84.97,32.0,52.97,0.6234
ORD-00353,2025-08-02,CUST-0038,South,Electronics,Smart Watch,2,129.99,78.0,0.05,246.98,156.0,90.98,0.3684
ORD-00611,2025-08-03,CUST-0011,West,Electronics,Smart Watch,1,129.99,78.0,0.05,123.49,78.0,45.49,0.3684
ORD-00542,2025-08-04,CUST-0102,South,Fitness,Yoga Mat,4,34.99,14.0,0.1,125.96,56.0,69.96,0.5554
ORD-00228,2025-08-05,CUST-0006,South,Fitness,Resistance Bands,1,24.99,8.0,0.1,22.49,8.0,14.49,0.6443
ORD-00058,2025-08-05,CUST-0051,Midwest,Beauty,Makeup Organizer,1,24.99,9.0,0.1,22.49,9.0,13.49,0.5998
ORD-00351,2025-08-06,CUST-0114,Northeast,Home,Desk Lamp,1,34.99,16.0,0.2,27.99,16.0,11.99,0.4284
ORD-00629,2025-08-06,CUST-0099,Northeast,Electronics,Portable Charger,4,39.99,18.0,0.15,135.97,72.0,63.97,0.4705
ORD-00234,2025-08-06,CUST-0215,Midwest,Fitness,Resistance Bands,1,24.99,8.0,0.0,24.99,8.0,16.99,0.6799
ORD-00478,2025-08-06,CUST-0034,Northeast,Home,Throw Blanket,1,44.99,20.0,0.0,44.99,20.0,24.99,0.5555
ORD-00133,2025-08-06,CUST-0014,West,Fitness,Resistance Bands,2,24.99,8.0,0.05,47.48,16.0,31.48,0.663
ORD-00496,2025-08-07,CUST-0098,South,Electronics,Smart Watch,1,129.99,78.0,0.15,110.49,78.0,32.49,0.2941
ORD-00245,2025-08-08,CUST-0065,South,Beauty,Makeup Organizer,4,24.99,9.0,0.0,99.96,36.0,63.96,0.6399
ORD-00212,2025-08-08,CUST-0180,West,Home,Scented Candle,3,19.99,7.5,0.1,53.97,22.5,31.47,0.5831
ORD-00154,2025-08-08,CUST-0082,West,Home,Storage Basket,2,24.99,10.0,0.05,47.48,20.0,27.48,0.5788
ORD-00360,2025-08-08,CUST-0087,West,Electronics,Bluetooth Speaker,3,59.99,31.0,0.0,179.97,93.0,86.97,0.4832
ORD-00582,2025-08-09,CUST-0094,West,Beauty,Skincare Set,5,54.99,22.0,0.0,274.95,110.0,164.95,0.5999
ORD-00067,2025-08-10,CUST-0096,Northeast,Fitness,Water Bottle,1,19.99,6.5,0.1,17.99,6.5,11.49,0.6387
ORD-00135,2025-08-10,CUST-0105,South,Fitness,Resistance Bands,1,24.99,8.0,0.1,22.49,8.0,14.49,0.6443
ORD-00063,2025-08-11,CUST-0077,Northeast,Beauty,Skincare Set,2,54.99,22.0,0.15,93.48,44.0,49.48,0.5293
ORD-00448,2025-08-12,CUST-0002,South,Electronics,Portable Charger,2,39.99,18.0,0.0,79.98,36.0,43.98,0.5499
ORD-00461,2025-08-12,CUST-0203,South,Beauty,Body Care Set,3,29.99,11.0,0.1,80.97,33.0,47.97,0.5925
ORD-00144,2025-08-14,CUST-0216,South,Electronics,Portable Charger,1,39.99,18.0,0.0,39.99,18.0,21.99,0.5499
ORD-00489,2025-08-15,CUST-0037,Midwest,Electronics,Wireless Headphones,4,79.99,42.0,0.15,271.97,168.0,103.97,0.3823
ORD-00079,2025-08-16,CUST-0128,West,Electronics,Smart Watch,4,129.99,78.0,0.0,519.96,312.0,207.96,0.4
ORD-00336,2025-08-17,CUST-0008,Midwest,Home,Throw Blanket,4,44.99,20.0,0.0,179.96,80.0,99.96,0.5555
ORD-00559,2025-08-17,CUST-0130,Northeast,Home,Storage Basket,1,24.99,10.0,0.0,24.99,10.0,14.99,0.5998
ORD-00425,2025-08-17,CUST-0092,West,Electronics,Bluetooth Speaker,1,59.99,31.0,0.2,47.99,31.0,16.99,0.3541
ORD-00197,2025-08-18,CUST-0020,Northeast,Fitness,Water Bottle,1,19.99,6.5,0.2,15.99,6.5,9.49,0.5935
ORD-00465,2025-08-18,CUST-0078,South,Electronics,Bluetooth Speaker,2,59.99,31.0,0.0,119.98,62.0,57.98,0.4832
ORD-00244,2025-08-18,CUST-0027,South,Home,Desk Lamp,1,34.99,16.0,0.0,34.99,16.0,18.99,0.5427
ORD-00344,2025-08-19,CUST-0066,South,Home,Desk Lamp,1,34.99,16.0,0.0,34.99,16.0,18.99,0.5427
ORD-00328,2025-08-19,CUST-0040,Northeast,Beauty,Makeup Organizer,1,24.99,9.0,0.05,23.74,9.0,14.74,0.6209
ORD-00354,2025-08-19,CUST-0002,West,Fitness,Water Bottle,1,19.99,6.5,0.1,17.99,6.5,11.49,0.6387
ORD-00285,2025-08-20,CUST-0054,Northeast,Home,Desk Lamp,2,34.99,16.0,0.05,66.48,32.0,34.48,0.5187
ORD-00393,2025-08-21,CUST-0164,West,Fitness,Water Bottle,1,19.99,6.5,0.1,17.99,6.5,11.49,0.6387
ORD-00017,2025-08-22,CUST-0004,Midwest,Beauty,Skincare Set,5,54.99,22.0,0.0,274.95,110.0,164.95,0.5999
ORD-00247,2025-08-22,CUST-0021,West,Beauty,Hair Tool,2,69.99,31.0,0.0,139.98,62.0,77.98,0.5571
ORD-00450,2025-08-23,CUST-0158,South,Home,Desk Lamp,2,34.99,16.0,0.1,62.98,32.0,30.98,0.4919
ORD-00594,2025-08-23,CUST-0159,West,Fitness,Water Bottle,2,19.99,6.5,0.1,35.98,13.0,22.98,0.6387
ORD-00570,2025-08-24,CUST-0087,West,Electronics,Bluetooth Speaker,2,59.99,31.0,0.1,107.98,62.0,45.98,0.4258
ORD-00490,2025-08-24,CUST-0099,Northeast,Home,Throw Blanket,1,44.99,20.0,0.0,44.99,20.0,24.99,0.5555
ORD-00130,2025-08-25,CUST-0064,Midwest,Electronics,Smart Watch,2,129.99,78.0,0.05,246.98,156.0,90.98,0.3684
ORD-00114,2025-08-25,CUST-0021,West,Electronics,Portable Charger,3,39.99,18.0,0.0,119.97,54.0,65.97,0.5499
ORD-00303,2025-08-26,CUST-0141,Midwest,Home,Storage Basket,3,24.99,10.0,0.0,74.97,30.0,44.97,0.5998
ORD-00274,2025-08-26,CUST-0036,Northeast,Electronics,Smart Watch,1,129.99,78.0,0.2,103.99,78.0,25.99,0.2499
ORD-00165,2025-08-27,CUST-0066,Midwest,Home,Storage Basket,2,24.99,10.0,0.05,47.48,20.0,27.48,0.5788
ORD-00260,2025-08-27,CUST-0153,West,Beauty,Makeup Organizer,3,24.99,9.0,0.1,67.47,27.0,40.47,0.5998
ORD-00524,2025-08-28,CUST-0153,South,Home,Storage Basket,1,24.99,10.0,0.05,23.74,10.0,13.74,0.5788
ORD-00578,2025-08-28,CUST-0078,Northeast,Home,Desk Lamp,1,34.99,16.0,0.05,33.24,16.0,17.24,0.5187
ORD-00381,2025-08-30,CUST-0003,Northeast,Home,Scented Candle,1,19.99,7.5,0.1,17.99,7.5,10.49,0.5831
ORD-00121,2025-08-30,CUST-0140,Midwest,Home,Storage Basket,4,24.99,10.0,0.0,99.96,40.0,59.96,0.5998
ORD-00349,2025-08-31,CUST-0215,Midwest,Electronics,Wireless Headphones,5,79.99,42.0,0.05,379.95,210.0,169.95,0.4473
ORD-00649,2025-09-01,CUST-0057,Northeast,Home,Scented Candle,1,19.99,7.5,0.2,15.99,7.5,8.49,0.531
ORD-00229,2025-09-01,CUST-0138,West,Beauty,Skincare Set,2,54.99,22.0,0.0,109.98,44.0,65.98,0.5999
ORD-00156,2025-09-02,CUST-0074,West,Fitness,Water Bottle,2,19.99,6.5,0.05,37.98,13.0,24.98,0.6577
ORD-00421,2025-09-03,CUST-0056,Northeast,Beauty,Skincare Set,1,54.99,22.0,0.0,54.99,22.0,32.99,0.5999
ORD-00333,2025-09-03,CUST-0052,South,Home,Storage Basket,2,24.99,10.0,0.0,49.98,20.0,29.98,0.5998
ORD-00534,2025-09-03,CUST-0078,Northeast,Fitness,Water Bottle,2,19.99,6.5,0.1,35.98,13.0,22.98,0.6387
ORD-00061,2025-09-03,CUST-0063,West,Fitness,Yoga Mat,2,34.99,14.0,0.0,69.98,28.0,41.98,0.5999
ORD-00275,2025-09-05,CUST-0152,West,Electronics,Wireless Headphones,3,79.99,42.0,0.0,239.97,126.0,113.97,0.4749
ORD-00223,2025-09-06,CUST-0195,South,Electronics,Smart Watch,1,129.99,78.0,0.1,116.99,78.0,38.99,0.3333
ORD-00498,2025-09-06,CUST-0140,West,Beauty,Skincare Set,3,54.99,22.0,0.1,148.47,66.0,82.47,0.5555
ORD-00586,2025-09-06,CUST-0177,South,Fitness,Yoga Mat,1,34.99,14.0,0.05,33.24,14.0,19.24,0.5788
ORD-00440,2025-09-07,CUST-0136,South,Electronics,Smart Watch,2,129.99,78.0,0.2,207.98,156.0,51.98,0.2499
ORD-00102,2025-09-08,CUST-0080,South,Electronics,Bluetooth Speaker,2,59.99,31.0,0.1,107.98,62.0,45.98,0.4258
ORD-00251,2025-09-09,CUST-0150,Northeast,Electronics,Smart Watch,1,129.99,78.0,0.05,123.49,78.0,45.49,0.3684
ORD-00479,2025-09-10,CUST-0035,South,Fitness,Foam Roller,1,29.99,12.0,0.0,29.99,12.0,17.99,0.5999
ORD-00211,2025-09-11,CUST-0090,Northeast,Electronics,Bluetooth Speaker,5,59.99,31.0,0.15,254.96,155.0,99.96,0.3921
ORD-00600,2025-09-11,CUST-0033,West,Fitness,Water Bottle,1,19.99,6.5,0.1,17.99,6.5,11.49,0.6387
ORD-00493,2025-09-11,CUST-0055,South,Electronics,Portable Charger,2,39.99,18.0,0.0,79.98,36.0,43.98,0.5499
ORD-00030,2025-09-11,CUST-0120,South,Home,Scented Candle,1,19.99,7.5,0.0,19.99,7.5,12.49,0.6248
ORD-00531,2025-09-11,CUST-0108,West,Electronics,Portable Charger,2,39.99,18.0,0.05,75.98,36.0,39.98,0.5262
ORD-00411,2025-09-11,CUST-0020,South,Home,Throw Blanket,2,44.99,20.0,0.0,89.98,40.0,49.98,0.5555
ORD-00645,2025-09-12,CUST-0144,Northeast,Electronics,Smart Watch,1,129.99,78.0,0.0,129.99,78.0,51.99,0.4
ORD-00329,2025-09-12,CUST-0033,Northeast,Electronics,Bluetooth Speaker,1,59.99,31.0,0.05,56.99,31.0,25.99,0.456
ORD-00020,2025-09-12,CUST-0211,West,Electronics,Bluetooth Speaker,4,59.99,31.0,0.15,203.97,124.0,79.97,0.3921
ORD-00394,2025-09-12,CUST-0027,South,Electronics,Wireless Headphones,3,79.99,42.0,0.0,239.97,126.0,113.97,0.4749
ORD-00637,2025-09-12,CUST-0160,South,Electronics,Portable Charger,2,39.99,18.0,0.05,75.98,36.0,39.98,0.5262
ORD-00564,2025-09-12,CUST-0114,Northeast,Home,Storage Basket,1,24.99,10.0,0.0,24.99,10.0,14.99,0.5998
ORD-00040,2025-09-13,CUST-0173,West,Home,Scented Candle,1,19.99,7.5,0.15,16.99,7.5,9.49,0.5586
ORD-00566,2025-09-13,CUST-0107,Northeast,Home,Throw Blanket,2,44.99,20.0,0.15,76.48,40.0,36.48,0.477
ORD-00158,2025-09-14,CUST-0196,South,Beauty,Skincare Set,1,54.99,22.0,0.05,52.24,22.0,30.24,0.5789
ORD-00412,2025-09-15,CUST-0181,South,Fitness,Yoga Mat,1,34.99,14.0,0.0,34.99,14.0,20.99,0.5999
ORD-00208,2025-09-15,CUST-0017,South,Electronics,Wireless Headphones,4,79.99,42.0,0.0,319.96,168.0,151.96,0.4749
ORD-00120,2025-09-15,CUST-0213,Midwest,Home,Storage Basket,3,24.99,10.0,0.05,71.22,30.0,41.22,0.5788
ORD-00467,2025-09-16,CUST-0035,West,Electronics,Wireless Headphones,3,79.99,42.0,0.05,227.97,126.0,101.97,0.4473
ORD-00092,2025-09-16,CUST-0069,Northeast,Home,Throw Blanket,5,44.99,20.0,0.05,213.7,100.0,113.7,0.5321
ORD-00318,2025-09-16,CUST-0066,Northeast,Beauty,Makeup Organizer,2,24.99,9.0,0.1,44.98,18.0,26.98,0.5998
ORD-00365,2025-09-16,CUST-0015,South,Beauty,Skincare Set,3,54.99,22.0,0.05,156.72,66.0,90.72,0.5789
ORD-00065,2025-09-17,CUST-0091,Northeast,Beauty,Skincare Set,1,54.99,22.0,0.1,49.49,22.0,27.49,0.5555
ORD-00308,2025-09-18,CUST-0098,South,Home,Throw Blanket,3,44.99,20.0,0.15,114.72,60.0,54.72,0.477
ORD-00096,2025-09-18,CUST-0059,West,Home,Scented Candle,2,19.99,7.5,0.1,35.98,15.0,20.98,0.5831
ORD-00460,2025-09-18,CUST-0131,Midwest,Home,Scented Candle,2,19.99,7.5,0.0,39.98,15.0,24.98,0.6248
ORD-00433,2025-09-21,CUST-0095,Northeast,Electronics,Portable Charger,1,39.99,18.0,0.05,37.99,18.0,19.99,0.5262
ORD-00368,2025-09-21,CUST-0211,South,Beauty,Body Care Set,1,29.99,11.0,0.1,26.99,11.0,15.99,0.5925
ORD-00300,2025-09-22,CUST-0098,West,Fitness,Resistance Bands,4,24.99,8.0,0.0,99.96,32.0,67.96,0.6799
ORD-00078,2025-09-23,CUST-0049,West,Home,Scented Candle,1,19.99,7.5,0.0,19.99,7.5,12.49,0.6248
ORD-00049,2025-09-23,CUST-0057,South,Electronics,Smart Watch,1,129.99,78.0,0.0,129.99,78.0,51.99,0.4
ORD-00013,2025-09-24,CUST-0030,South,Beauty,Skincare Set,2,54.99,22.0,0.0,109.98,44.0,65.98,0.5999
ORD-00391,2025-09-24,CUST-0030,,Electronics,Portable Charger,1,39.99,18.0,0.05,37.99,18.0,19.99,0.5262
ORD-00186,2025-09-26,CUST-0053,South,Electronics,Portable Charger,1,39.99,18.0,0.1,35.99,18.0,17.99,0.4999
ORD-00565,2025-09-26,,South,Beauty,Skincare Set,1,54.99,22.0,0.0,54.99,22.0,32.99,0.5999
ORD-00004,2025-09-27,CUST-0112,Northeast,Fitness,Yoga Mat,1,34.99,14.0,0.15,29.74,14.0,15.74,0.5293
ORD-00598,2025-09-27,CUST-0156,South,Electronics,Portable Charger,4,39.99,18.0,0.15,135.97,72.0,63.97,0.4705
ORD-00612,2025-09-27,CUST-0019,West,Electronics,Portable Charger,1,39.99,18.0,0.05,37.99,18.0,19.99,0.5262
ORD-00492,2025-09-27,CUST-0135,South,Home,Storage Basket,2,24.99,10.0,0.0,49.98,20.0,29.98,0.5998
ORD-00054,2025-09-28,CUST-0061,West,Fitness,Resistance Bands,2,24.99,8.0,0.05,47.48,16.0,31.48,0.663
ORD-00466,2025-09-29,CUST-0102,South,Electronics,Portable Charger,2,39.99,18.0,0.1,71.98,36.0,35.98,0.4999
ORD-00122,2025-09-30,CUST-0076,South,Electronics,Bluetooth Speaker,1,59.99,31.0,0.0,59.99,31.0,28.99,0.4832
ORD-00081,2025-09-30,CUST-0127,West,Fitness,Resistance Bands,2,24.99,8.0,0.15,42.48,16.0,26.48,0.6234
ORD-00326,2025-09-30,CUST-0120,Northeast,Home,Storage Basket,1,24.99,10.0,0.2,19.99,10.0,9.99,0.4998
ORD-00439,2025-10-01,CUST-0042,Northeast,Electronics,Smart Watch,2,129.99,78.0,0.2,207.98,156.0,51.98,0.2499
ORD-00501,2025-10-02,CUST-0194,West,Fitness,Foam Roller,1,29.99,12.0,0.1,26.99,12.0,14.99,0.5554
ORD-00609,2025-10-02,CUST-0031,South,Home,Storage Basket,2,24.99,10.0,0.05,47.48,20.0,27.48,0.5788
ORD-00383,2025-10-02,CUST-0017,South,Home,Throw Blanket,2,44.99,20.0,0.0,89.98,40.0,49.98,0.5555
ORD-00189,2025-10-04,CUST-0067,Northeast,Beauty,Skincare Set,1,54.99,22.0,0.0,54.99,22.0,32.99,0.5999
ORD-00238,2025-10-04,CUST-0127,South,Beauty,Makeup Organizer,1,24.99,9.0,0.0,24.99,9.0,15.99,0.6399
ORD-00567,2025-10-04,CUST-0029,West,Electronics,Smart Watch,1,129.99,78.0,0.1,116.99,78.0,38.99,0.3333
ORD-00043,2025-10-04,CUST-0159,West,Beauty,Hair Tool,1,69.99,31.0,0.0,69.99,31.0,38.99,0.5571
ORD-00021,2025-10-04,CUST-0037,Northeast,Beauty,Makeup Organizer,3,24.99,9.0,0.05,71.22,27.0,44.22,0.6209
ORD-00345,2025-10-05,CUST-0003,Northeast,Beauty,Hair Tool,1,69.99,31.0,0.05,66.49,31.0,35.49,0.5338
ORD-00106,2025-10-05,CUST-0083,West,Home,Desk Lamp,1,34.99,16.0,0.1,31.49,16.0,15.49,0.4919
ORD-00105,2025-10-06,CUST-0048,Northeast,Beauty,Skincare Set,1,54.99,22.0,0.0,54.99,22.0,32.99,0.5999
ORD-00641,2025-10-06,CUST-0003,West,Home,Scented Candle,2,19.99,7.5,0.15,33.98,15.0,18.98,0.5586
ORD-00256,2025-10-06,CUST-0023,South,Electronics,Bluetooth Speaker,2,59.99,31.0,0.15,101.98,62.0,39.98,0.3921
ORD-00055,2025-10-07,CUST-0016,South,Home,Scented Candle,1,19.99,7.5,0.0,19.99,7.5,12.49,0.6248
ORD-00064,2025-10-07,CUST-0060,West,Electronics,Wireless Headphones,3,79.99,42.0,0.0,239.97,126.0,113.97,0.4749
ORD-00604,2025-10-08,CUST-0073,Northeast,Electronics,Wireless Headphones,2,79.99,42.0,0.1,143.98,84.0,59.98,0.4166
ORD-00606,2025-10-08,CUST-0055,Midwest,Home,Storage Basket,1,24.99,10.0,0.0,24.99,10.0,14.99,0.5998
ORD-00518,2025-10-08,CUST-0005,Northeast,Fitness,Resistance Bands,3,24.99,8.0,0.05,71.22,24.0,47.22,0.663
ORD-00215,2025-10-08,CUST-0043,South,Fitness,Water Bottle,2,19.99,6.5,0.15,33.98,13.0,20.98,0.6175
ORD-00007,2025-10-08,CUST-0200,Northeast,Beauty,Body Care Set,2,29.99,11.0,0.05,56.98,22.0,34.98,0.6139
ORD-00008,2025-10-08,CUST-0006,West,Home,Desk Lamp,1,34.99,16.0,0.1,31.49,16.0,15.49,0.4919
ORD-00159,2025-10-09,CUST-0141,Northeast,Electronics,Bluetooth Speaker,1,59.99,31.0,0.05,56.99,31.0,25.99,0.456
ORD-00617,2025-10-09,CUST-0022,Midwest,Fitness,Foam Roller,1,29.99,12.0,0.05,28.49,12.0,16.49,0.5788
ORD-00139,2025-10-10,CUST-0146,Northeast,Fitness,Yoga Mat,3,34.99,14.0,0.0,104.97,42.0,62.97,0.5999
ORD-00301,2025-10-10,CUST-0013,South,Home,Storage Basket,1,24.99,10.0,0.0,24.99,10.0,14.99,0.5998
ORD-00418,2025-10-12,CUST-0129,Midwest,Electronics,Bluetooth Speaker,4,59.99,31.0,0.05,227.96,124.0,103.96,0.456
ORD-00621,2025-10-13,CUST-0031,Midwest,Fitness,Water Bottle,1,19.99,6.5,0.1,17.99,6.5,11.49,0.6387
ORD-00185,2025-10-13,CUST-0054,Midwest,Beauty,Body Care Set,1,29.99,11.0,0.0,29.99,11.0,18.99,0.6332
ORD-00180,2025-10-13,CUST-0136,South,Beauty,Makeup Organizer,1,24.99,9.0,0.05,23.74,9.0,14.74,0.6209
ORD-00118,2025-10-14,CUST-0014,West,Electronics,Portable Charger,1,39.99,18.0,0.05,37.99,18.0,19.99,0.5262
ORD-00387,2025-10-14,CUST-0141,West,Electronics,Wireless Headphones,4,79.99,42.0,0.0,319.96,168.0,151.96,0.4749
ORD-00031,2025-10-14,CUST-0051,Northeast,Home,Desk Lamp,3,34.99,16.0,0.1,94.47,48.0,46.47,0.4919
ORD-00443,2025-10-15,CUST-0020,Midwest,Home,Desk Lamp,2,34.99,16.0,0.0,69.98,32.0,37.98,0.5427
ORD-00495,2025-10-15,CUST-0007,South,Electronics,Portable Charger,2,39.99,18.0,0.0,79.98,36.0,43.98,0.5499
ORD-00053,2025-10-16,CUST-0026,West,Home,Throw Blanket,4,44.99,20.0,0.05,170.96,80.0,90.96,0.5321
ORD-00056,2025-10-16,CUST-0070,Northeast,Fitness,Water Bottle,2,19.99,6.5,0.0,39.98,13.0,26.98,0.6748
ORD-00160,2025-10-16,CUST-0166,West,Electronics,Smart Watch,4,129.99,78.0,0.05,493.96,312.0,181.96,0.3684
ORD-00380,2025-10-16,CUST-0060,West,Beauty,Hair Tool,1,69.99,31.0,0.0,69.99,31.0,38.99,0.5571
ORD-00201,2025-10-17,CUST-0063,South,Home,Scented Candle,1,19.99,7.5,0.0,19.99,7.5,12.49,0.6248
ORD-00602,2025-10-17,CUST-0024,West,Home,Desk Lamp,2,34.99,16.0,0.0,69.98,32.0,37.98,0.5427
ORD-00616,2025-10-17,CUST-0117,Northeast,Home,Throw Blanket,2,44.99,20.0,0.0,89.98,40.0,49.98,0.5555
ORD-00549,2025-10-17,CUST-0037,South,Fitness,Foam Roller,1,29.99,12.0,0.0,29.99,12.0,17.99,0.5999
ORD-00080,2025-10-17,CUST-0019,West,Fitness,Resistance Bands,5,24.99,8.0,0.15,106.21,40.0,66.21,0.6234
ORD-00331,2025-10-18,CUST-0099,West,Fitness,Water Bottle,2,19.99,6.5,0.2,31.98,13.0,18.98,0.5935
ORD-00597,2025-10-18,CUST-0202,Northeast,Home,Throw Blanket,1,44.99,20.0,0.0,44.99,20.0,24.99,0.5555
ORD-00087,2025-10-18,CUST-0199,West,Beauty,Makeup Organizer,3,24.99,9.0,0.05,71.22,27.0,44.22,0.6209
ORD-00459,2025-10-18,CUST-0167,Northeast,Electronics,Smart Watch,2,129.99,78.0,0.1,233.98,156.0,77.98,0.3333
ORD-00638,2025-10-18,CUST-0037,West,Fitness,Resistance Bands,1,24.99,8.0,0.05,23.74,8.0,15.74,0.663
ORD-00491,2025-10-19,CUST-0175,West,Home,Scented Candle,1,19.99,7.5,0.0,19.99,7.5,12.49,0.6248
ORD-00529,2025-10-20,CUST-0209,Northeast,Home,Desk Lamp,4,34.99,16.0,0.1,125.96,64.0,61.96,0.4919
ORD-00453,2025-10-20,CUST-0108,West,Fitness,Resistance Bands,1,24.99,8.0,0.1,22.49,8.0,14.49,0.6443
ORD-00338,2025-10-20,CUST-0159,Northeast,Beauty,Makeup Organizer,1,24.99,9.0,0.05,23.74,9.0,14.74,0.6209
ORD-00117,2025-10-20,CUST-0218,Midwest,Home,Storage Basket,1,24.99,10.0,0.0,24.99,10.0,14.99,0.5998
ORD-00403,2025-10-22,CUST-0004,South,Beauty,Skincare Set,1,54.99,22.0,0.0,54.99,22.0,32.99,0.5999
ORD-00001,2025-10-24,CUST-0215,South,Beauty,Skincare Set,1,54.99,22.0,0.05,52.24,22.0,30.24,0.5789
ORD-00371,2025-10-24,CUST-0128,South,Electronics,Bluetooth Speaker,3,59.99,31.0,0.1,161.97,93.0,68.97,0.4258
ORD-00367,2025-10-24,CUST-0093,South,Electronics,Wireless Headphones,3,79.99,42.0,0.1,215.97,126.0,89.97,0.4166
ORD-00357,2025-10-27,CUST-0038,South,Fitness,Foam Roller,1,29.99,12.0,0.0,29.99,12.0,17.99,0.5999
ORD-00025,2025-10-27,CUST-0108,Northeast,Home,Desk Lamp,1,34.99,16.0,0.0,34.99,16.0,18.99,0.5427
ORD-00299,2025-10-27,CUST-0182,West,Electronics,Wireless Headphones,1,79.99,42.0,0.15,67.99,42.0,25.99,0.3823
ORD-00432,2025-10-29,CUST-0005,Northeast,Fitness,Foam Roller,2,29.99,12.0,0.1,53.98,24.0,29.98,0.5554
ORD-00216,2025-10-29,CUST-0063,South,Home,Scented Candle,1,19.99,7.5,0.0,19.99,7.5,12.49,0.6248
ORD-00574,2025-10-30,CUST-0109,Midwest,Home,Scented Candle,3,19.99,7.5,0.15,50.97,22.5,28.47,0.5586
ORD-00532,2025-10-30,CUST-0022,South,Home,Storage Basket,1,24.99,10.0,0.0,24.99,10.0,14.99,0.5998
ORD-00639,2025-10-30,CUST-0090,South,Fitness,Water Bottle,3,19.99,6.5,0.0,59.97,19.5,40.47,0.6748
ORD-00446,2025-10-31,CUST-0175,South,Home,Throw Blanket,1,44.99,20.0,0.05,42.74,20.0,22.74,0.5321
ORD-00236,2025-11-01,CUST-0140,Midwest,Beauty,Skincare Set,3,54.99,22.0,0.05,156.72,66.0,90.72,0.5789
ORD-00506,2025-11-02,CUST-0043,South,Beauty,Hair Tool,1,69.99,31.0,0.0,69.99,31.0,38.99,0.5571
ORD-00390,2025-11-03,CUST-0043,South,Beauty,Hair Tool,1,69.99,31.0,0.1,62.99,31.0,31.99,0.5079
ORD-00646,2025-11-04,CUST-0122,Midwest,Fitness,Foam Roller,2,29.99,12.0,0.05,56.98,24.0,32.98,0.5788
ORD-00305,2025-11-04,CUST-0155,Northeast,Fitness,Yoga Mat,3,34.99,14.0,0.2,83.98,42.0,41.98,0.4999
ORD-00430,2025-11-04,CUST-0087,South,Home,Scented Candle,2,19.99,7.5,0.15,33.98,15.0,18.98,0.5586
ORD-00279,2025-11-04,CUST-0113,Northeast,Electronics,Portable Charger,4,39.99,18.0,0.2,127.97,72.0,55.97,0.4374
ORD-00042,2025-11-05,CUST-0008,South,Beauty,Skincare Set,3,54.99,22.0,0.1,148.47,66.0,82.47,0.5555
ORD-00045,2025-11-06,CUST-0180,South,Beauty,Body Care Set,1,29.99,11.0,0.0,29.99,11.0,18.99,0.6332
ORD-00572,2025-11-07,CUST-0200,Northeast,Beauty,Makeup Organizer,3,24.99,9.0,0.0,74.97,27.0,47.97,0.6399
ORD-00640,2025-11-07,CUST-0042,South,Home,Desk Lamp,3,34.99,16.0,0.2,83.98,48.0,35.98,0.4284
ORD-00642,2025-11-08,CUST-0064,South,Home,Desk Lamp,2,34.99,16.0,0.05,66.48,32.0,34.48,0.5187
ORD-00262,2025-11-08,CUST-0016,Northeast,Fitness,Water Bottle,1,19.99,6.5,0.05,18.99,6.5,12.49,0.6577
ORD-00242,2025-11-08,CUST-0051,Northeast,Beauty,Body Care Set,1,29.99,11.0,0.05,28.49,11.0,17.49,0.6139
ORD-00607,2025-11-09,CUST-0157,South,Fitness,Yoga Mat,2,34.99,14.0,0.1,62.98,28.0,34.98,0.5554
ORD-00346,2025-11-09,CUST-0065,South,Electronics,Portable Charger,1,39.99,18.0,0.0,39.99,18.0,21.99,0.5499
ORD-00520,2025-11-09,CUST-0046,Northeast,Home,Storage Basket,2,24.99,10.0,0.0,49.98,20.0,29.98,0.5998
ORD-00151,2025-11-09,CUST-0122,Midwest,Beauty,Skincare Set,1,54.99,22.0,0.1,49.49,22.0,27.49,0.5555
ORD-00194,2025-11-10,CUST-0148,South,Electronics,Bluetooth Speaker,2,59.99,31.0,0.1,107.98,62.0,45.98,0.4258
ORD-00521,2025-11-10,CUST-0122,South,Home,Storage Basket,1,24.99,10.0,0.1,22.49,10.0,12.49,0.5554
ORD-00214,2025-11-10,CUST-0005,Midwest,Fitness,Foam Roller,3,29.99,12.0,0.0,89.97,36.0,53.97,0.5999
ORD-00627,2025-11-11,CUST-0035,Midwest,Electronics,Smart Watch,1,129.99,78.0,0.0,129.99,78.0,51.99,0.4
ORD-00083,2025-11-11,CUST-0106,West,Electronics,Smart Watch,3,129.99,78.0,0.0,389.97,234.0,155.97,0.4
ORD-00168,2025-11-12,CUST-0010,South,Home,Desk Lamp,1,34.99,16.0,0.1,31.49,16.0,15.49,0.4919
ORD-00441,2025-11-13,CUST-0011,Midwest,Fitness,Foam Roller,1,29.99,12.0,0.1,26.99,12.0,14.99,0.5554
ORD-00575,2025-11-13,CUST-0168,Northeast,Home,Throw Blanket,2,44.99,20.0,0.0,89.98,40.0,49.98,0.5555
ORD-00073,2025-11-14,CUST-0115,South,Fitness,Yoga Mat,3,34.99,14.0,0.2,83.98,42.0,41.98,0.4999
ORD-00019,2025-11-14,CUST-0053,Midwest,Fitness,Resistance Bands,2,24.99,8.0,0.05,47.48,16.0,31.48,0.663
ORD-00343,2025-11-14,CUST-0088,Northeast,Beauty,Makeup Organizer,2,24.99,9.0,0.05,47.48,18.0,29.48,0.6209
ORD-00397,2025-11-15,CUST-0187,South,Electronics,Bluetooth Speaker,1,59.99,31.0,0.0,59.99,31.0,28.99,0.4832
ORD-00241,2025-11-15,CUST-0199,Midwest,Electronics,Wireless Headphones,1,79.99,42.0,0.0,79.99,42.0,37.99,0.4749
ORD-00502,2025-11-15,CUST-0209,South,Fitness,Foam Roller,2,29.99,12.0,0.05,56.98,24.0,32.98,0.5788
ORD-00632,2025-11-15,CUST-0164,South,Home,Desk Lamp,2,34.99,16.0,0.05,66.48,32.0,34.48,0.5187
ORD-00508,2025-11-15,CUST-0117,South,Electronics,Wireless Headphones,3,79.99,42.0,0.05,227.97,126.0,101.97,0.4473
ORD-00325,2025-11-17,CUST-0015,West,Beauty,Body Care Set,2,29.99,11.0,0.1,53.98,22.0,31.98,0.5925
ORD-00540,2025-11-17,CUST-0027,Midwest,Electronics,Bluetooth Speaker,1,59.99,31.0,0.0,59.99,31.0,28.99,0.4832
ORD-00246,2025-11-18,CUST-0030,South,Electronics,Bluetooth Speaker,1,59.99,31.0,0.2,47.99,31.0,16.99,0.3541
ORD-00428,2025-11-18,CUST-0085,West,Beauty,Hair Tool,3,69.99,31.0,0.0,209.97,93.0,116.97,0.5571
ORD-00327,2025-11-18,CUST-0008,West,Fitness,Foam Roller,1,29.99,12.0,0.1,26.99,12.0,14.99,0.5554
ORD-00280,2025-11-19,CUST-0036,South,Home,Throw Blanket,1,44.99,20.0,0.0,44.99,20.0,24.99,0.5555
ORD-00167,2025-11-20,CUST-0004,Midwest,Fitness,Foam Roller,1,29.99,12.0,0.1,26.99,12.0,14.99,0.5554
ORD-00512,2025-11-20,CUST-0034,Midwest,Fitness,Foam Roller,1,29.99,12.0,0.0,29.99,12.0,17.99,0.5999
ORD-00003,2025-11-21,CUST-0139,Midwest,Home,Storage Basket,1,24.99,10.0,0.1,22.49,10.0,12.49,0.5554
ORD-00298,2025-11-22,CUST-0144,Northeast,Home,Throw Blanket,3,44.99,20.0,0.1,121.47,60.0,61.47,0.5061
ORD-00579,2025-11-22,CUST-0032,Northeast,Beauty,Skincare Set,4,54.99,22.0,0.0,219.96,88.0,131.96,0.5999
ORD-00295,2025-11-22,CUST-0066,South,Beauty,Makeup Organizer,1,24.99,9.0,0.15,21.24,9.0,12.24,0.5763
ORD-00291,2025-11-23,CUST-0108,Northeast,Electronics,Smart Watch,2,129.99,78.0,0.1,233.98,156.0,77.98,0.3333
ORD-00426,2025-11-24,CUST-0016,Midwest,Beauty,Body Care Set,1,29.99,11.0,0.0,29.99,11.0,18.99,0.6332
ORD-00198,2025-11-24,CUST-0014,Northeast,Electronics,Bluetooth Speaker,4,59.99,31.0,0.0,239.96,124.0,115.96,0.4832
ORD-00116,2025-11-24,CUST-0144,West,Home,Scented Candle,1,19.99,7.5,0.0,19.99,7.5,12.49,0.6248
ORD-00543,2025-11-25,CUST-0020,South,Fitness,Yoga Mat,1,34.99,14.0,0.0,34.99,14.0,20.99,0.5999
ORD-00252,2025-11-26,CUST-0160,South,Home,Scented Candle,2,19.99,7.5,0.2,31.98,15.0,16.98,0.531
ORD-00406,2025-11-26,CUST-0010,South,Beauty,Skincare Set,4,54.99,22.0,0.0,219.96,88.0,131.96,0.5999
ORD-00434,2025-11-26,CUST-0055,South,Home,Throw Blanket,2,44.99,20.0,0.1,80.98,40.0,40.98,0.5061
ORD-00563,2025-11-26,CUST-0114,Northeast,Electronics,Smart Watch,4,129.99,78.0,0.0,519.96,312.0,207.96,0.4
ORD-00014,2025-11-26,CUST-0020,Midwest,Fitness,Water Bottle,3,19.99,6.5,0.0,59.97,19.5,40.47,0.6748
ORD-00257,2025-11-27,CUST-0138,South,Electronics,Wireless Headphones,3,79.99,42.0,0.2,191.98,126.0,65.98,0.3437
ORD-00452,2025-11-27,CUST-0074,West,Fitness,Water Bottle,4,19.99,6.5,0.0,79.96,26.0,53.96,0.6748
ORD-00358,2025-11-27,CUST-0026,West,Electronics,Smart Watch,5,129.99,78.0,0.0,649.95,390.0,259.95,0.4
ORD-00334,2025-11-27,CUST-0173,South,Beauty,Skincare Set,1,54.99,22.0,0.0,54.99,22.0,32.99,0.5999
ORD-00408,2025-11-28,CUST-0044,South,Electronics,Wireless Headphones,2,79.99,42.0,0.0,159.98,84.0,75.98,0.4749
ORD-00630,2025-11-29,CUST-0047,South,Beauty,Hair Tool,3,69.99,31.0,0.0,209.97,93.0,116.97,0.5571
ORD-00046,2025-11-30,CUST-0079,Northeast,Beauty,Body Care Set,1,29.99,11.0,0.15,25.49,11.0,14.49,0.5685
ORD-00182,2025-12-01,CUST-0034,South,Fitness,Water Bottle,2,19.99,6.5,0.0,39.98,13.0,26.98,0.6748
ORD-00613,2025-12-01,CUST-0143,West,Electronics,Smart Watch,1,129.99,78.0,0.1,116.99,78.0,38.99,0.3333
ORD-00382,2025-12-01,CUST-0184,West,Fitness,Resistance Bands,3,24.99,8.0,0.1,67.47,24.0,43.47,0.6443
ORD-00463,2025-12-01,CUST-0171,Northeast,Beauty,Makeup Organizer,2,24.99,9.0,0.1,44.98,18.0,26.98,0.5998
ORD-00342,2025-12-02,CUST-0196,West,Home,Throw Blanket,3,44.99,20.0,0.0,134.97,60.0,74.97,0.5555
ORD-00170,2025-12-02,CUST-0179,West,Home,Storage Basket,1,24.99,10.0,0.0,24.99,10.0,14.99,0.5998
ORD-00152,2025-12-02,CUST-0034,South,Electronics,Smart Watch,1,129.99,78.0,0.0,129.99,78.0,51.99,0.4
ORD-00226,2025-12-02,CUST-0192,South,Home,Throw Blanket,4,44.99,20.0,0.0,179.96,80.0,99.96,0.5555
ORD-00631,2025-12-03,CUST-0075,South,Electronics,Bluetooth Speaker,3,59.99,31.0,0.15,152.97,93.0,59.97,0.3921
ORD-00527,2025-12-04,CUST-0018,South,Beauty,Body Care Set,1,29.99,11.0,0.0,29.99,11.0,18.99,0.6332
ORD-00554,2025-12-05,CUST-0030,South,Home,Scented Candle,1,19.99,7.5,0.1,17.99,7.5,10.49,0.5831
ORD-00181,2025-12-05,CUST-0049,Northeast,Electronics,Smart Watch,3,129.99,78.0,0.05,370.47,234.0,136.47,0.3684
ORD-00377,2025-12-05,CUST-0188,Midwest,Home,Desk Lamp,5,34.99,16.0,0.05,166.2,80.0,86.2,0.5187
ORD-00224,2025-12-05,CUST-0130,Midwest,Fitness,Water Bottle,1,19.99,6.5,0.0,19.99,6.5,13.49,0.6748
ORD-00591,2025-12-06,CUST-0173,South,Electronics,Bluetooth Speaker,1,59.99,31.0,0.0,59.99,31.0,28.99,0.4832
ORD-00296,2025-12-06,CUST-0075,Midwest,Fitness,Yoga Mat,4,34.99,14.0,0.0,139.96,56.0,83.96,0.5999
ORD-00132,2025-12-06,CUST-0188,Midwest,Electronics,Portable Charger,3,39.99,18.0,0.2,95.98,54.0,41.98,0.4374
ORD-00402,2025-12-06,CUST-0012,South,Electronics,Portable Charger,2,39.99,18.0,0.0,79.98,36.0,43.98,0.5499
ORD-00410,2025-12-07,CUST-0080,Midwest,Fitness,Resistance Bands,2,24.99,8.0,0.0,49.98,16.0,33.98,0.6799
ORD-00174,2025-12-07,CUST-0106,Midwest,Beauty,Hair Tool,1,69.99,31.0,0.0,69.99,31.0,38.99,0.5571
ORD-00577,2025-12-08,CUST-0071,Midwest,Home,Storage Basket,1,24.99,10.0,0.0,24.99,10.0,14.99,0.5998
ORD-00179,2025-12-08,CUST-0107,West,Fitness,Yoga Mat,2,34.99,14.0,0.0,69.98,28.0,41.98,0.5999
ORD-00340,2025-12-09,CUST-0032,South,Fitness,Water Bottle,1,19.99,6.5,0.0,19.99,6.5,13.49,0.6748
ORD-00321,2025-12-09,CUST-0014,Midwest,Home,Scented Candle,2,19.99,7.5,0.1,35.98,15.0,20.98,0.5831
ORD-00110,2025-12-09,CUST-0173,West,Electronics,Bluetooth Speaker,3,59.99,31.0,0.15,152.97,93.0,59.97,0.3921
ORD-00191,2025-12-09,CUST-0064,Northeast,Beauty,Makeup Organizer,1,24.99,9.0,0.0,24.99,9.0,15.99,0.6399
ORD-00202,2025-12-09,CUST-0041,Midwest,Electronics,Portable Charger,2,39.99,18.0,0.0,79.98,36.0,43.98,0.5499
ORD-00104,2025-12-10,CUST-0037,Northeast,Home,Storage Basket,1,24.99,10.0,0.05,23.74,10.0,13.74,0.5788
ORD-00162,2025-12-10,CUST-0169,Midwest,Fitness,Yoga Mat,5,34.99,14.0,0.05,166.2,70.0,96.2,0.5788
ORD-00100,2025-12-10,CUST-0128,West,Electronics,Bluetooth Speaker,2,59.99,31.0,0.15,101.98,62.0,39.98,0.3921
ORD-00605,2025-12-11,CUST-0219,Midwest,Beauty,Makeup Organizer,2,24.99,9.0,0.05,47.48,18.0,29.48,0.6209
ORD-00012,2025-12-11,CUST-0014,South,Home,Storage Basket,1,24.99,10.0,0.0,24.99,10.0,14.99,0.5998
ORD-00457,2025-12-11,CUST-0032,Midwest,Beauty,Body Care Set,2,29.99,11.0,0.1,53.98,22.0,31.98,0.5925
ORD-00347,2025-12-11,CUST-0052,Northeast,Home,Storage Basket,1,24.99,10.0,0.0,24.99,10.0,14.99,0.5998
ORD-00625,2025-12-12,CUST-0137,South,Home,Desk Lamp,1,34.99,16.0,0.0,34.99,16.0,18.99,0.5427
ORD-00293,2025-12-12,CUST-0053,Northeast,Fitness,Resistance Bands,1,24.99,8.0,0.0,24.99,8.0,16.99,0.6799
ORD-00388,2025-12-13,CUST-0029,Midwest,Beauty,Skincare Set,2,54.99,22.0,0.0,109.98,44.0,65.98,0.5999
ORD-00178,2025-12-13,CUST-0208,West,Fitness,Foam Roller,4,29.99,12.0,0.0,119.96,48.0,71.96,0.5999
ORD-00541,2025-12-14,CUST-0069,South,Fitness,Resistance Bands,1,24.99,8.0,0.15,21.24,8.0,13.24,0.6234
ORD-00137,2025-12-14,CUST-0005,West,Beauty,Body Care Set,1,29.99,11.0,0.0,29.99,11.0,18.99,0.6332
ORD-00468,2025-12-15,CUST-0017,West,Home,Desk Lamp,1,34.99,16.0,0.05,33.24,16.0,17.24,0.5187
ORD-00503,2025-12-15,CUST-0029,South,Electronics,Bluetooth Speaker,3,59.99,31.0,0.0,179.97,93.0,86.97,0.4832
ORD-00219,2025-12-16,CUST-0207,South,Home,Storage Basket,1,24.99,10.0,0.1,22.49,10.0,12.49,0.5554
ORD-00386,2025-12-17,CUST-0063,South,Fitness,Water Bottle,1,19.99,6.5,0.0,19.99,6.5,13.49,0.6748
ORD-00420,2025-12-17,CUST-0029,South,Beauty,Makeup Organizer,1,24.99,9.0,0.0,24.99,9.0,15.99,0.6399
ORD-00265,2025-12-18,CUST-0101,Midwest,Beauty,Makeup Organizer,2,24.99,9.0,0.1,44.98,18.0,26.98,0.5998
ORD-00023,2025-12-18,CUST-0053,South,Electronics,Smart Watch,3,129.99,78.0,0.0,389.97,234.0,155.97,0.4
ORD-00361,2025-12-20,CUST-0151,West,Home,Storage Basket,1,24.99,10.0,0.0,24.99,10.0,14.99,0.5998
ORD-00585,2025-12-20,CUST-0094,Midwest,Electronics,Wireless Headphones,2,79.99,42.0,0.0,159.98,84.0,75.98,0.4749
ORD-00006,2025-12-21,CUST-0050,West,Electronics,Portable Charger,2,39.99,18.0,0.0,79.98,36.0,43.98,0.5499
ORD-00297,2025-12-21,CUST-0118,South,Beauty,Hair Tool,1,69.99,31.0,0.05,66.49,31.0,35.49,0.5338
ORD-00414,2025-12-23,CUST-0094,West,Fitness,Foam Roller,3,29.99,12.0,0.05,85.47,36.0,49.47,0.5788
ORD-00603,2025-12-23,CUST-0010,South,Fitness,Foam Roller,5,29.99,12.0,0.05,142.45,60.0,82.45,0.5788
ORD-00032,2025-12-23,CUST-0022,West,Beauty,Makeup Organizer,3,24.99,9.0,0.05,71.22,27.0,44.22,0.6209
ORD-00370,2025-12-23,CUST-0139,South,Fitness,Foam Roller,2,29.99,12.0,0.0,59.98,24.0,35.98,0.5999
ORD-00599,2025-12-24,CUST-0140,West,Beauty,Body Care Set,1,29.99,11.0,0.1,26.99,11.0,15.99,0.5925
ORD-00431,2025-12-25,CUST-0120,Northeast,Home,Storage Basket,1,24.99,10.0,0.0,24.99,10.0,14.99,0.5998
ORD-00614,2025-12-25,CUST-0011,South,Fitness,Water Bottle,2,19.99,6.5,0.15,33.98,13.0,20.98,0.6175
ORD-00623,2025-12-26,CUST-0138,West,Electronics,Bluetooth Speaker,1,59.99,31.0,0.1,53.99,31.0,22.99,0.4258
ORD-00235,2025-12-26,CUST-0085,West,Home,Throw Blanket,2,44.99,20.0,0.0,89.98,40.0,49.98,0.5555
ORD-00101,2025-12-27,CUST-0049,South,Electronics,Portable Charger,1,39.99,18.0,0.0,39.99,18.0,21.99,0.5499
ORD-00544,2025-12-27,CUST-0083,South,Beauty,Makeup Organizer,1,24.99,9.0,0.0,24.99,9.0,15.99,0.6399
ORD-00024,2025-12-28,CUST-0018,West,Fitness,Foam Roller,3,29.99,12.0,0.0,89.97,36.0,53.97,0.5999
ORD-00233,2025-12-29,CUST-0185,Northeast,Fitness,Yoga Mat,2,34.99,14.0,0.2,55.98,28.0,27.98,0.4999
ORD-00143,2025-12-29,CUST-0026,South,Electronics,Bluetooth Speaker,4,59.99,31.0,0.15,203.97,124.0,79.97,0.3921
ORD-00405,2025-12-29,CUST-0187,West,Electronics,Smart Watch,4,129.99,78.0,0.1,467.96,312.0,155.96,0.3333
ORD-00528,2025-12-31,CUST-0003,West,Fitness,Resistance Bands,1,24.99,8.0,0.0,24.99,8.0,16.99,0.6799
ORD-00447,2025-12-31,CUST-0038,,Fitness,Resistance Bands,2,24.99,8.0,0.05,47.48,16.0,31.48,0.663
ORD-00320,2025-12-31,CUST-0042,South,Electronics,Smart Watch,1,129.99,78.0,0.05,123.49,78.0,45.49,0.3684
